userName,content,score,at
Sugi Anto,Sku suka banget Ok,5,2025-12-24 08:12:50
Septiyan Vandi,"mohon diperbaiki semisal penyimpanan hp kita penuh, gak perlu meriset semua riwayat chat kita yang penting itu dari status maupun chat dan ad bug ketika + akun tiba"" akun nya hilang harus dicari baru ketemu. mohon diperbaiki pihak whatsapp.",1,2025-12-24 08:12:01
bayu ajah,aplik yg gğŸ˜­ nhnbhbnbjhnnnhnhrnbb mnjm m m tggu agtg.#asi ini sangat bernbrnm km tmanfaat,2,2025-12-24 08:09:48
Fatmah Fatmah,Saya sangat puas dengan pelayanan nya,5,2025-12-24 08:08:21
Adrianus Dendi,Mantap,5,2025-12-24 08:05:16
Rein_Channel,"setiqp tema chat walpaper di ganti mnjdi foto di perangkat, selalu tidak ada ketika di pakai, memang ketika di centang awalnya ada tp ktika kluar wa tiba2 menjadi default??? apakah anda mengubahnya?????",3,2025-12-24 08:04:51
Fitri Nurfitriani,adalah pokoknya,5,2025-12-24 08:00:15
Pasar Ngentrong,saya pengguna WhatsApp sangat membantu komunikasi,5,2025-12-24 07:55:48
Slamet Muhamad,bagus dn diluar sana banyk pula mengataskan yg sama tpi ujung2 d jegal akun palsu moga eklan dn akun ini asli bisa d pertanggung jawabkan dunia maupun di akhirat mudh2 bener2 bisa membatu jgn ngasih harapan ksg dmi keuntungan semata.,4,2025-12-24 07:54:17
Stepanus Sigit Cahyono,"hilangkan saja fitur pesan sekali lihatnya, bikin jengkel kadang",4,2025-12-24 07:53:46
Ririn Carlina,"makin hari makin gk ngtak bikin w sm pasangan ribut trs,error terus gblok online di aktifin tp notif nya tiba2 gk aktif,padahal di ss di aktifin online nya,makin gblok",1,2025-12-24 07:53:21
Cecep Setiawan,sangat bagus,5,2025-12-24 07:53:05
Rudi djati,alat komunikasi elit di saat sulit,5,2025-12-24 07:52:12
Hizbullah Alghani,"WhatsApp,, sepertinya lagi tidak baik baik saja ğŸ¥¹ğŸ˜®â€ğŸ’¨,, gue mau pin chat pacar guee,, malah ttp aja turun ke bawah chatan nya di setiap ada pesan baru masuk dri user lain",5,2025-12-24 07:52:10
Nirwanasebayang Sebayang,bagus,5,2025-12-24 07:52:09
Mellyza Wulandari,Ok,4,2025-12-24 07:50:08
Winaainawina Wina,pulihkan akun WhatsApp saya,1,2025-12-24 07:48:33
Zxkc,kok keluarÂ²mulu abis update min?,3,2025-12-24 07:47:44
Telo Sempat,oke baik,5,2025-12-24 07:47:40
Budi Irawan,sangat bermanfaat,5,2025-12-24 07:45:42
Abang Lhe,aplikasi ini sangat bagus terima kasih buat yang bikin aplikasi ini,5,2025-12-24 07:45:03
Safira Fira,Ê™á´€É¢á´œs,5,2025-12-24 07:45:01
Ade Lia ZuLianty,Bagus,5,2025-12-24 07:43:59
lluna mddrosebell,whatsapp skrng bener bener ya wa ku jadi ke blokir permanen cuman gegara ada beberapa yang nyepam di grup! jujur kecewa itu akun penting banget udah dari 2021!! kalo dah gini gimana cara mulihinnya?? kecewa sama whatsapp. padahal gak pernah kek gini tiba-tiba rame yang ke ban juga!!,1,2025-12-24 07:43:32
imam hidayat,Bagus,5,2025-12-24 07:39:53
Tri Wahyudi,oke,5,2025-12-24 07:37:46
Odih Samsu,"bagus dr dulu ttp ok,mksh",5,2025-12-24 07:37:40
Mayah Hamisti Aji 04,GASUKA SAMA WA SEKARANG!! TIAP UPLOAD VIDEO/FOTO KE SW JADI PECAH!!!! PADAHAL FILE ASLINYA HD BANGET!!!!! KECEWAA!!!!!!!!,1,2025-12-24 07:37:16
Vanessa Sabrina,"setelah diperbaharui, chat yg disematkan hilang sematnya, walpaper pun tiba-tiba hilang, status orang lain tidak bisa dilihat",1,2025-12-24 07:37:14
Hana Ana,sangat bagus buat pesan,5,2025-12-24 07:36:08
rezafahru00,"kecewa banget,tolong di perbaiki soal pelanggaran nomer WhatsApp setiap ngecht nomor baru pasti kena pelanggaran padahal akun baru buat,yang akun satunya tiba"" hilang tolong di perbaikiğŸ™",1,2025-12-24 07:35:02
Yudi Supriadi,mantap,5,2025-12-24 07:34:02
Rohimatu Mullah,ga pernah berbuat apaÂ² ke spam terus.,1,2025-12-24 07:34:01
Karisman Muru,Bu mom srs,1,2025-12-24 07:33:32
dillz jenn,"kenapa tiap kali WhatsApp sering di ban? padahal tidak melakukan apa apa selalu saja di ban,ini membuat orang repot jika situasi yang gawat",1,2025-12-24 07:32:46
meivi Meike,ok,5,2025-12-24 07:30:52
Elvan 2020,bagus,5,2025-12-24 07:29:40
Samudi Sam,mantap,5,2025-12-24 07:27:15
Ses Karem,sangat luar biasa,5,2025-12-24 07:25:55
Supriyono Supriyono,sangat bagus,5,2025-12-24 07:25:54
Salma Salzabilla,"akun saya ke log out terus dari kemarin, sudah kirim laporan tapi tidak ada penanganan dan malah gak bisa login sama sekali sekarang, padahal nomornya jelas aktif dan terpasang di handphone",1,2025-12-24 07:23:45
dedescantiq,"udh 3 kli ada yg mau msuk ke nomer sy..3 kli juga kode otp masuk ke sya pdhal sy gk lg registrsi ulng, bahaya bngt tau tolong lah sy gmau nomr sy knp'.smenjak bsa tambhkan akun di wa sy curiga kesitu,itu bisa menimbulkn orng iseng..tolong segera diperbaiki tingkatkan keaman, jngn smpe merugikn ornglain krna kebodohan fitur..",3,2025-12-24 07:23:28
Yaya Anwar,Keren baget,5,2025-12-24 07:23:14
Satri Nesimnasi,aplikasi sonde jelas masa kena spam berulang ulang kali niğŸ˜µâ€ğŸ’«,1,2025-12-24 07:22:17
Oppa Oppa,aplikasi nya keren dan sangat membantu... namu punya ku kok masih di versi yg lama.. tolong update ke versi terbaru dong admin... ğŸ™ğŸ™ğŸ™,5,2025-12-24 07:22:08
Dedi Dores,"WhatsApp sekarang tuh aneh, gak ngapainÂ² kena spam kirim pesan kena spam kirim stiker kena spam dan WhatsApp mengatakan hanya kesalahan sistem.Tolong WhatsApp untuk tidak nge banned tanpa alasan yang tidak masuk akal seperti WhatsApp tidak bisa di gunakan karena spam padahal saya nge spam kagak Tolong segera tidak melakukan itu lagi karena WhatsApp saya terkena spam 17 kali ğŸ˜­ mohon untuk di tindak lanjut ğŸ™ğŸ™ğŸ™",1,2025-12-24 07:21:42
Rafisqy _ alwaritiz,saya gk make apa apa malah kena spam gk bisa dibuka,1,2025-12-24 07:21:08
Aslina Br Tarigan,"tidak bisa daftar ,kode verifikasi tidak masuk sudah email tetapi balasan email tidak membantu sama sekali",1,2025-12-24 07:18:46
Dhe Nenotek,whatsapp makin hari makin ngak guna selalu terkena spam tanpa sebab setiap hari meresahkan,1,2025-12-24 07:14:45
Gage Simon,tiba tiba ke blokir permanen lagi apalah padahal saya pake wa biasa biasa aja kalo kayak gini trus wa kayak sampah,1,2025-12-24 07:14:00
Nursalim salim khan,baik',3,2025-12-24 07:11:42
Is Ropi,Tolong whatsap saya di aktifin soalnya sangat penting sekali,3,2025-12-24 07:10:03
Abdul Aziz,min tolong. di benerin tu wa nya masak gaada filter pas vc,4,2025-12-24 07:09:32
Asma Nurlaila,masa bisa wa ke uninstal sendiriğŸ˜’,2,2025-12-24 07:09:30
Gilang Prayoga,sangat bagus ğŸ‘,5,2025-12-24 07:08:32
nurlaela nurlaela,sangat membantu,5,2025-12-24 07:06:24
Abdul Halim,knapa tak boleh login aneh Bener setelah di update,1,2025-12-24 07:06:10
Jeni Anistia,"Akun WhatsApp saya secara tiba tiba diblokir karena spam, Walaupun saya telah mematuhi ketentuan layanan di WhatsApp. Mohon tinjau akun saya dan segera selesaikan masalah ini, Terimakasih.",3,2025-12-24 07:04:58
Edo Saputra,Please help me on WhatsApp. Why is it always blurry every time I upload a status? Even though the video format I sent is above average. Please fix this as soon as possible.,4,2025-12-24 07:04:07
Albana Schmit,sering eror bikin g nyaman,1,2025-12-24 07:02:15
Ruady Cundin,wa aku gabisa terbuka aku dari Makassar ğŸ™,5,2025-12-24 07:02:06
Tesi Toulwala,Terbaik,5,2025-12-24 07:00:51
Idik idik,mantep,5,2025-12-24 07:00:37
reyhan ghani,gabisa pencet nomor dan pencet lanjut,2,2025-12-24 06:57:13
Ari Sucahyo,bagus si buat berkomunikasi,5,2025-12-24 06:55:29
Asep Septiadi,untuk tulis bio /tentang yang sekarang ga seru ga bisa permanen sampe 30 hari doang kembalikan seperti dulu,3,2025-12-24 06:54:39
Mita Ramelia,program beta sudah penuh saya tidak dapat menggunakan WhatsApp dan tidak bisa masuk,1,2025-12-24 06:52:53
YT LEVI 05,"stiker Sulit di pencet, tolong di perbaiki",1,2025-12-24 06:49:08
Andre Ramlah,baik,5,2025-12-24 06:48:46
Widhi Purwanto,sangat membantu,5,2025-12-24 06:47:32
Edwin Irawan,baik sekali,5,2025-12-24 06:46:55
Liando Tuama,stts wa jadi lebih buram padahal sudah upgrade,3,2025-12-24 06:45:25
Rino Asril,Bagusss,5,2025-12-24 06:42:34
Ernita Puspita,mempermudah dalam komunikasi kesemua orang,5,2025-12-24 06:42:07
nanda mufidah,"tiba"" ada notif pemulihan riwayat chat sehingga membuat chat yang penting hilang sebagianğŸ’”",4,2025-12-24 06:41:48
Kang Nuss,sangat baik sekali ğŸ‘ğŸ»ğŸ‘ğŸ»,5,2025-12-24 06:39:03
Dino Via,kenapa ya nomor yang tak sematkan lepas sendiri dari pagi tadi tolong dong wa di tindak lanjutin,4,2025-12-24 06:38:18
sultanewerika78 189,woiii WhatsApp anjg tolong ilangin bug band spam itu ya toll,1,2025-12-24 06:37:30
Raju Gps,baik,5,2025-12-24 06:36:50
Rifki Kunte,aplikasi taikkk gak ada Energen Ama Milo,5,2025-12-24 06:36:21
sari man19,Ok tip,3,2025-12-24 06:31:23
Aan Saputra,mantap,5,2025-12-24 06:28:37
Mas Glend,"kebijakan whatsap sangat merugikan kami yg khusus nya penjual online..,spam group,spam no ,dan saya sekarang mengunakan telegram ...alhamdulillah",1,2025-12-24 06:28:05
Je Pri,sangat baik dan membantu,5,2025-12-24 06:27:12
Didi Papay,Bagus,5,2025-12-24 06:27:05
Zainal Arif,"uh aku baru saja di scam oleh seseorang sampai terkena langgar dan nomor saya tidak bisa saya pakai lagi, saya tidak tau harus berbuat apa karena banyak berkas atau file berguna yang saya simpan di whatsapp, aku tidak tahu apakah kalian bisa menolong saya atau tidak, tapi jika bisa saya mohon bantuannya, untuk tidak memblokir nomor WhatsApp saya ğŸ™ğŸ™",1,2025-12-24 06:26:23
Banyak Akun,lebih baik lagi,5,2025-12-24 06:26:06
hasan shan,"semakin di update buknnya lbih baguss mlh mkinnn anehh, sepertinya bikin Sw burem, notifikasi gbisa di ubah sma nada dering",2,2025-12-24 06:24:25
Fauzi ji,kena spam mulu ga kaya dulu ni aplikasi nya,1,2025-12-24 06:24:14
Heru Gap,whtsap skrg klau mau tlpn atau vidio call gagal terus kalau mau memanggil,1,2025-12-24 06:22:17
Irawan Komara,awesome,5,2025-12-24 06:21:57
Buto Ijo,bagus banget,5,2025-12-24 06:20:41
Titin Boling,saya sangat suka,5,2025-12-24 06:20:39
Piktor Jak,mantap,5,2025-12-24 06:20:22
Kevin Alfiandi,"SUMPAH SI WHATSAPP MAKIN GA JELAS DIKIT DIKIT KENA BLOKIR AKUN ALASAN SPAM CHAT, HADUH PADAHAL ITU PENTING LOH NGASAL AMAT NGEBLOKIR AKUN",1,2025-12-24 06:19:02
Rama Dantos,"Makasih WhatsApp makin di update makin cakep gitu bisa berbicara dengan Al, dan juga Al lain Terus aku masuk grup dan keluar itu agak susah yg grup itu selalu aktif itu bukan bag WhatsApp sih mungkin itu Hp kita yg menumpuk penyimpanan dan ya WhatsApp adalah tempat chat terbaik di dunia dan di hati ku",5,2025-12-24 06:16:44
Diva Yuandara,"bintang tiga dulu, kenapa dari kemarin akun saya di blokir mulu karena spam? padahal saya tdk melakukan pelanggaran apapun, ini sudah ke 3 kalinya akun saya di blokir, beberapa kali saya juga tidak bisa mengirim stiker, foto, vidio, vn dll kecuali chat biasa.. ini kenapa ya?",3,2025-12-24 06:16:25
Maulana Rehan,kurang memuaskan karna setiap bulan selalu update aplikasi baru,1,2025-12-24 06:16:18
Emi Julaemi,semoga menjadi tambahan keluarga aku.dengan aplikasi resmi..amin.ğŸ™ğŸ¤²ğŸ¤²ğŸ¤²,5,2025-12-24 06:15:25
Alpan 20,ini knpa si memuat mulu pusing dah mana lagi perlu lagi,1,2025-12-24 06:13:41
Oppo F5,Lambat,1,2025-12-24 06:13:02
Erwin,sangat berguna,5,2025-12-24 06:05:45
Hamzah Barbakh,baik,5,2025-12-24 06:04:52
Nur Zen,sangat baguss,5,2025-12-24 06:02:17
Arifin April,"ada fitur berbagi lokasi terkini tp ga update, orang yg berbagi tidak bergerak, padahal sinyal sama2 bagus.",4,2025-12-24 06:01:05
Tiffany,saya suka sekali karna saya bisa berkomunikasi dengan temanÂ² saya,5,2025-12-24 06:00:29
Ana Pasamanbarat,banyak masalah nya aplikasi whatsaap messenger versi terbaru nya,2,2025-12-24 05:59:57
ADHWA DZAKIRAH AFROZA,"whatsapp saya sering kali bermasalah, yg membuat sya menghapus lalu menginstal ulang apk trs menerus, mohon di benahi lagi. tolong perbaiki fitur cadangan hariannya. tolong adakan fitur hapus pengikut saluran",2,2025-12-24 05:59:42
Awal Udin,aplikasi mengecewakan kenapa setelah beberapa bulan di pakek keluar sendiri ketika ingin login di suruh apdate selalu begitu seterusnya terus bagaimana apanya yang salah,3,2025-12-24 05:59:08
ule le,wa ku padahal dipake buat kerja jadi kurir harus chat customer tiap waktu cuman sering kena blokir terus whatsapp ku cape lah kalau kaya gini kerja tolong lah untuk pihak whatsapp dibantu kerja samanya,5,2025-12-24 05:58:03
Putri Mikhyla,good,5,2025-12-24 05:57:05
rizky iky,wa saya ke spam spam padahal saya tidak melakukan apa-apa,5,2025-12-24 05:55:48
As Kuri,Tiga dulu,5,2025-12-24 05:46:20
Bandit Cupu,Semoga bisa digunakan,2,2025-12-24 05:44:20
veni nurhayati nurhayati,baik,1,2025-12-24 05:43:31
Sugeng Setyawan,cocok,5,2025-12-24 05:42:53
ALDA,saya menyarankan kalo mau klik baca semua dikasih konfirmasi gitu biar kao ga sengaja kepencet bisa di batalin,1,2025-12-24 05:42:30
Njill M,aplikasi ini sudah lama saya gunakan dan sangat bermanfaat,5,2025-12-24 05:42:08
Yeyem,cukup baik tergantung p nya,3,2025-12-24 05:42:01
Zidan,gak ada guna di tolak Mulu gwğŸ—¿,1,2025-12-24 05:41:49
Tubagus Sukiya,Mantap,5,2025-12-24 05:41:22
CristovÃ£o Dacosta Pereira,aku kasi Bintang lima karen aplikasi ini sangat penting,5,2025-12-24 05:37:59
Epi Alpian Hulu,kenapa ya WhatsApp messenger saya sering kena spam,1,2025-12-24 05:37:42
Pocong Terbang,ke kenon mulu jing,1,2025-12-24 05:36:58
Abi Mansyur,wa memang inthebas,5,2025-12-24 05:36:49
bungbulang 01,Bagus,5,2025-12-24 05:36:13
Ega Frayoga,Whatsapp membantu chat kesemua orang teman keluarga untuk saking terhubung,5,2025-12-24 05:35:30
Putra Syah,WA sekarang sulit sesuka hatinya memblokir akun,1,2025-12-24 05:34:07
Kalief Devan,dikit dikt kena blokir,1,2025-12-24 05:33:03
"Agus Supriyadi, SH","terbaik dlm nyambung komunikasi keluarga,kawan,dan kenalan",5,2025-12-24 05:30:04
Sonah Koulibaly,saya tiba tiba mengalami spam padahal saya baru saja membeli no nya,1,2025-12-24 05:26:15
Hariyanto Jejho,oke,5,2025-12-24 05:26:03
Alpriana Tasiklola,Bagus,5,2025-12-24 05:24:54
Kasran 81,aktivasi wa,5,2025-12-24 05:24:23
Dedi Putra,sangat bagus,5,2025-12-24 05:23:37
rizka farahzaky,bug mluğŸ˜’ 24/12/2025,3,2025-12-24 05:23:13
Arni Abah,Oke mantap,5,2025-12-24 05:22:57
Putri rahmawati,terima kasih google play store semua aplikasi sangat bagus dan saya sangat puas ğŸ¥°ğŸ‘ğŸ‘ğŸ‘,5,2025-12-24 05:22:42
fahim Jahat,kanapa selalu keluar,1,2025-12-24 05:22:35
Adzkia Batrisya,Sangat baik digunakan,5,2025-12-24 05:22:28
Mama Nana,kadang gak bisa kirim emoticon,2,2025-12-24 05:22:00
m sholihin,sering kena spam...,5,2025-12-24 05:21:53
Abu Bakar,tiba tiba chat semua terhapus kayak tiba tiba aja padahal penyimpanan masih banyak tapi kenapa malah terhapus udah 4 kali saya di gituin coba bisa bintang 0 sayangggggg kasih 0 bikin emosi mulu ini apk,1,2025-12-24 05:21:38
Botek Jr,wa opo prifasi opo,1,2025-12-24 05:20:02
Muhammad Mulyadi,"update makin hancur, aplikasi ga stabil, alihkan nomor satu ke nomor lain lambat, kesalahan data terus hadeuh",1,2025-12-24 05:19:17
RIDUWAN SAPUTRA,makin kesini makin aneh masa mau masukin nomor gak bisa dipencet,1,2025-12-24 05:18:39
Luis Anugrah.p,aplikasi ini sangat membantu dalam mengirimkan informasi,5,2025-12-24 05:18:27
Vyo Na,ok,5,2025-12-24 05:16:39
RaKhay channel,bgus,5,2025-12-24 05:16:29
Yudha Farel,selalu terdapat spam permanen setiap bulan,1,2025-12-24 05:16:24
AHDA GAMING,"gajelas, kalau lagi telfon tiba-tiba menghubungkan ulang, padahal sinyal kenceng",3,2025-12-24 05:15:59
Nuriwayati01,sangat membantu dan bagus banget 6,5,2025-12-24 05:15:36
Redit Sunadi,sangat membantu,5,2025-12-24 05:14:18
Abdul Aziz,wa kenapa kok tiba-tiba cht ilang semua,1,2025-12-24 05:13:53
mijank pahmijan,ok,5,2025-12-24 05:13:40
Ueusus Djdjd,"Makin Lama MAKIN GAJE NIH WHATSAPPğŸ˜¬ gada ANGIN gada HUJAN tiba"" WhatsApp ku ke blokkkkk 3x all hasil keblok permanenğŸ˜­ğŸ™‚ PADAHAL WHATSAPP SAYA GA PERNAH MELANGGAR ATAUPUN SEWAIN ,, WA PRIBADI UDAH 7 TAHUNAN LOHHHH BARU KALI INI ğŸ˜­ğŸ˜­ğŸ˜­ğŸ˜ª",1,2025-12-24 05:12:16
Sapi Brama,Keren,5,2025-12-24 05:11:50
Di Ka,bagus apk ini sangat penting dalam komunikasj,4,2025-12-24 05:10:55
FF Budhi,bagus bgt rasanya punya WA bisaa chatan Sama orngg luarr negrii,3,2025-12-24 05:10:42
Nahril01 Salsabil,gimana ini wa kok status yang di bisukan gak bisa di buka lagi gimana iniii...,3,2025-12-24 05:10:38
Jaka Pratama Purba,aneh gak bisa di ganti nada dering panggilan nya,1,2025-12-24 05:10:30
edy andrianto,good,5,2025-12-24 05:08:41
Oscar Lature,Kwalitas video call sering bermasalah,5,2025-12-24 05:06:19
Infinix Smart6p,"tolong dong adakan fitur hd untuk status, kalau bikin status burem parahhh",3,2025-12-24 05:05:56
Wances Bali,tolong memperlancar apknya soalnya lemot kalau lagi cari kontak,5,2025-12-24 05:03:38
Azkiya Ismawardhani,knp hrs ada kenon?,1,2025-12-24 05:02:05
maria ulfa,"KENAPA SEKARANG APA APA SELALU KENA BLOK? LIAT SW ORNG KENA PRINGATAN CHTAN KE BEDA ORANG JUGA KENA BLOK, TOLONG DI PERBAIKI LAGIIIUU",4,2025-12-24 05:01:37
gugleid 0789,ini WA kenapa ngebug oii,1,2025-12-24 05:00:48
Adrina Alviona,suka ngeleg begitu WhatsApp nya ya?,5,2025-12-24 05:00:34
Nazwa Aulia,setiap sv nomor beberapa waktu kemudian pasti nomornya udah ilang gitu aja. mesti sv ulang lagiiğŸ˜­ğŸ˜­kan ngeselin yakkğŸ˜­ğŸ˜­,3,2025-12-24 05:00:20
Andi sutawan Andi,sangat membantu,5,2025-12-24 04:57:40
Mamonto Farel,whatsapp ini tidak bisa mengirim kan foto atau pun fideo,4,2025-12-24 04:55:57
riyan aw,error Mulu error Mulu pas nelfon. ini wa knp dah,1,2025-12-24 04:54:28
Laksa,dikitÂ² di blokir wa ampas,1,2025-12-24 04:53:14
M.Abidzar Alghifari,tidak kebagian fitur musik,5,2025-12-24 04:52:04
Gifson Tambunan,mantap,5,2025-12-24 04:51:10
Susana Achink,Tolong tombol asisten dan tombol plus dihapus atau di beri aturan tampil dilayar atau tidak. Bagi sy itu sangat menggangu ğŸ‘ Tolong tambahkan tombol pulih semua agar lebih mudah dalam menghapus tautan dalam pesan. Terimakasih,3,2025-12-24 04:50:43
Yashi F.L.A,ok,5,2025-12-24 04:50:19
Leo Wardi,Oks,5,2025-12-24 04:49:29
Mus tofa,mohon maaf untuk WhatsApp di nomor dan akun saya ini kok selalu spam padahal saya tidak pernah konten yg merugikan orang lain atau mengirim gambar yg di larang,1,2025-12-24 04:48:51
Reza Pranata,karna menginstal nya lama,3,2025-12-24 04:43:38
Ferry Kurniawan Ferry,aplikasi ini sangat berguna saya menghubungi keluarga yg jarak jauh,5,2025-12-24 04:41:40
Siti Nur loklomin,"Tidak memuaskan,karena WhatsApp saya tidak bisa dibuka saat",1,2025-12-24 04:40:16
Fitri Handayani,sangat bagus,5,2025-12-24 04:39:19
Ah Cy,ğŸ™ğŸ™ğŸ™,5,2025-12-24 04:37:44
asep js,saya kecewa sama pihak whatsapp cuma lama merespons dan berbalas chatt tiba tiba akun kena peringatan blokir dan tidak bisa menggunakan whatsapp lagi...,1,2025-12-24 04:37:07
Wahyu Slamet Paryadi,saya upload video status tapi tidak mau terkirim dan terbaca dan keterangannya video tidak ada di penyimpanan internal. padahal videonya tersimpan di penyimpanan internalğŸ™,1,2025-12-24 04:36:04
Nanho Jupiter,Knp wa saya gg bisa d buka,5,2025-12-24 04:35:43
Ujang Ihyanudin,Baik,5,2025-12-24 04:35:33
Zhea Azzahra,aneh whatsaap ini minta di update tp gabisa,2,2025-12-24 04:35:28
Agus Fadil,bagus banget capcut ini bisa ngedit foto dan vidio,5,2025-12-24 04:35:19
Yazid Kasim,Sangat membantu untuk mendapatkan berita.,5,2025-12-24 04:34:49
Sakti Giantara,bagus banget,5,2025-12-24 04:34:20
Faza Ghulaman,sering error,1,2025-12-24 04:33:44
Fira Safa'atin,eror terus,2,2025-12-24 04:32:37
Crenz Official,kena spam mulu huhhh,1,2025-12-24 04:32:22
Vivo Y12,bagus,5,2025-12-24 04:30:31
Muhamad Sabeni,wa skrg terlalu rumit.andaikan ad pengganti aplikasi seperti wa pasti udh sy tinggalkan,1,2025-12-24 04:30:09
Sri Wayati,bagussssğŸ¥°,5,2025-12-24 04:30:05
Juandi Kaindi,"aplikasi aneh, chat tiba-tiba kehapus sendiri dan pada saat mengembalikan chatnya itu sudah tidak bisa lagi, aku sangat kecewa",1,2025-12-24 04:30:02
Rizky Haidir,oke mntp,5,2025-12-24 04:27:57
kayla kayla,baik,5,2025-12-24 04:27:44
Muhamad Popong,bagus,5,2025-12-24 04:24:58
OwensDev,"mohon kepada pihak whatsapp, saya menemukan bug yaitu selalu di logout dari whatsapp. tolong di perbaiki bug ini secepatnya",2,2025-12-24 04:24:45
mutiarahilda,ko sekarang kalo upload status suka ga hd ya?,2,2025-12-24 04:24:42
Sandi Mulyadin,oke,5,2025-12-24 04:24:40
Bapa Mamah,baguss,4,2025-12-24 04:24:28
Jomblo Masakini,sangat disayangkan WhatsApp ini makin tidak nyaman digunakan,5,2025-12-24 04:24:22
Muhammad Arif,"tolong ya ini WhatsApp kenapa, saya cuma kirim satu poto ke nomor orng lain langsung kena blokir",2,2025-12-24 04:23:25
Abdul Muiz,aplikasi aneh nomer gw ga apa apa malah ke kenonn ngeri banget wkwk,1,2025-12-24 04:23:04
Raihan Al hafiz,"kecewa banget sama WhatsApp sekarang bikin story WhatsApp pasti gambar, ataupun video nya pasti jadi burik dan tidak hd padahal gambar maupun video saya sudah hd,tolong di perbaiki lagi biar orang tidak kecewa dan kabur",1,2025-12-24 04:22:49
azzahra husna,ğŸ‘,5,2025-12-24 04:22:21
Aldi Rivaldo,kenapa nomer baru 1 bulan bisa kenap blokir pihak whatsapp?? skrg whatsapp gk kaya dulu nomer baru 1 bln d blokir aneh kan massa iya setiap satu bulan sekali ganti nomer,1,2025-12-24 04:22:04
Karisa Gultom,bagus,5,2025-12-24 04:19:57
Liana Ferawati,bagus sekali walaupun kadang menyakitkan hati,5,2025-12-24 04:19:52
dimas geograf,aku ke banned,1,2025-12-24 04:19:37
Santoso Cokro,"terimakasih WhatsApp,app sangat berguna khusus bagi saya, sukses slalu WhatsApp",5,2025-12-24 04:19:22
agni,komunikasi mendunia,5,2025-12-24 04:19:04
Icha,"keluhannya. 1. saya ganti wallpaper trus pas kluar dari aplikasinya malah wallpapernya berubah ke polos gtu(wallpaper yang belom di seting sama sekali) 2. notifikasi nya udah saya seting truss tiba tiba beda lagi mau itupun notifikasi chet/call 3. pin chet. udah saya pin salah satu kontak tmn saya, trus paas keluar dari aplikasinya/ntahlah ngapain itu tiba tiba kontak yang saya pin itu lepas sendiri. pdhl yaa itu saya ga otak atik!!!",1,2025-12-24 04:18:43
Muhammad Rifqi,"kenapa sih pihak whatsapp selalu membatasi akunku padahal aku tidak melanggar ketentuan seperti tidak memakai wa mood atau wa pihak ke tiga lucu, aneh.....",1,2025-12-24 04:18:41
GOMEZ TERUS,sangat mudah dan bagus,5,2025-12-24 04:18:32
vera Sari,kak kenapa whatsapp tidak dapat dibuka dihp saya,5,2025-12-24 04:14:30
Ira Ramadhanty,saya susah menginstal makanya saya LBH baik WA yg lama lebih mudah,3,2025-12-24 04:11:40
BTR_tryzen,"update nya tiap bulan, tapi kalau story malam burik, tolong di perbaiki lah",4,2025-12-24 04:10:00
yudistira ST,wa yg sagat seru,5,2025-12-24 04:09:33
Bintang setyopratama,keamanan nya di perketat udah itu doang,4,2025-12-24 04:07:49
My Tanisha,"sekarang tiap menambahkan musik untuk poto/video otomatis poto jadi blur resolusi jelek, kalau tau bakalan gini gak perlu nambahin fitur musik dong, padahal dulu gak gini",1,2025-12-24 04:06:23
Aji Soro202,Ok,5,2025-12-24 04:06:19
Sarpin Sarpin,tolong diperbaiki untuk nomor yg diverivikasi,5,2025-12-24 04:03:39
Calvin Agustinus,"kenapa whatsapp saya ke log out terus, setelah saya login tiba tiba keluar sendiri",5,2025-12-24 04:02:48
Indriani Ririn,sematkan chat gabisa seterusnya cuma hitungan menit dah ilang lagi,2,2025-12-24 04:02:33
Predrin Only,epik,5,2025-12-24 04:02:13
Dewi Dewi,Knp wa tdk dpt digunakan,5,2025-12-24 04:02:11
Atharizz Caliefiandro Wilukman,aplikasinya bagus dan aku jadi bisa main bareng dengan temanku,5,2025-12-24 04:01:35
Rena april lia Aprilia,b aja,1,2025-12-24 04:00:50
ari fai,sering kena spam,2,2025-12-24 04:00:39
Maliha Cinderleha,ok mksih,5,2025-12-24 03:58:18
Sabrina Sabrina,semoga gak kenak hekernlgi amin,5,2025-12-24 03:57:51
m Harianto,sgt baik,5,2025-12-24 03:57:47
Md Reguler,terpercaya,5,2025-12-24 03:57:05
Iyan Iyan,Yees,5,2025-12-24 03:57:00
Hariyanto Susilo,updet terlalu lama,1,2025-12-24 03:54:40
Elvira Alika Putri,seru aja,5,2025-12-24 03:53:24
Anastasia Simorangkir,"kasi bntang 5, tp knp skrg sering kluar dari apk trs? setiap mau liat saluran, keluar. setiap mau up sw, keluar trus juga kl ada chat, gaada notifnya. ini tolong ya.",5,2025-12-24 03:49:42
Hamimah Sabar,Sangat baik berkomonikasi,4,2025-12-24 03:49:05
Arya Hendra Setiawan,pdahal no nya baru beli tapi di block karna spam ga jelas bet WA tolong jika sudah di verifikasi pake email jgn asal block karna spam pdhl lagi nambahin no tmn,1,2025-12-24 03:47:56
Deli Antonius,BAGUS,5,2025-12-24 03:47:14
Ilham Anti,saya mau men daowlod ini,5,2025-12-24 03:45:58
Komang Putra,aplikasi nya keren dan bagus syang nya gk ad yang mau bls cht,5,2025-12-24 03:45:56
Dede,baik,5,2025-12-24 03:44:09
Chosy Amiri,Ok,5,2025-12-24 03:42:52
Darpan Asek,Sinyal bagus,5,2025-12-24 03:42:16
Wawan Wawanbae,halo tim WhatsApp tolong jelaskan knp setiap saya chat nomor baru di WhatsApp saya pasti langsung di blokir padahal saya tidak melanggar dalam komunikasi tolong perbaiki ini sangat menganggu saya terima kasih,1,2025-12-24 03:41:14
Nur Jannah Mushthofa,aplikasinya bagus tp kenapa saat saya mau ganti tema cht kok GK bisa yah pdhl memori sy GK penuh.... tolong yh diperbaiki lagi biar GK ada kekecewaan... ğŸ˜ŠğŸ™ğŸ»,5,2025-12-24 03:39:36
Nuraini Aini,masa sayaa gabisa masuk aduuh kacaw emng,1,2025-12-24 03:39:02
Willy Eka pradana,tetangga saudara dan saya banyak yang kenak blokir karna spam . why,3,2025-12-24 03:38:07
amir hizbullah,"kenak blokir mulu, katanya karena spam, padahal whatsapp pribadi saya",2,2025-12-24 03:35:39
Ikvani Hakikatus zahniah,"sangat bagus fitur""nya, kadang juga lemot sedikit",4,2025-12-24 03:32:15
Bustang Bustang,bagus,5,2025-12-24 03:29:40
aris kurniawan,Ok,4,2025-12-24 03:29:10
Suandi Andu,bagus,1,2025-12-24 03:28:59
benni robiansyah,ok,5,2025-12-24 03:28:41
Ben'z Mixed 9'2'9,"Lebih di tingkatkat lagi donk,masa status video wa versi HD masih tetep PECAH video nya..!!!makin kesini makin berat bagus versi lama !",1,2025-12-24 03:26:32
Om Har,sagat baik,5,2025-12-24 03:26:16
Nahla Prasetya,sangat bagus dan baik,5,2025-12-24 03:25:27
Aan Syafaaturrahman,bagus bisa mempermudah percakapan,5,2025-12-24 03:24:35
Rika Rohana,ok,5,2025-12-24 03:22:43
Ris Ma,GaraÂ² sering ikut acara update.... Semua simpanan saya hilang ter utama fotoÂ² yang saya simpan di chet ke diri sendiri,2,2025-12-24 03:22:37
Sueb Fahrizal,kenapa skrg di Android 16 versi one UI 8.0 tidak ada pop up nontification nya? jadi sulit tahu kalau ada pesan masuk di WA. harus buka Aplikasi WA dahulu.,5,2025-12-24 03:21:15
Riskiboyben Iki,keren bang,5,2025-12-24 03:21:02
Perlagung empu Awang,baik sekali,5,2025-12-24 03:20:43
Dispatch FarhanD,"tolong jangan selalu memblokir nomer kami, karena tuntutan pekerjaan kami harus menggunakan whatsapp",2,2025-12-24 03:20:28
Israwahyuningsi Gultom,saya sangat puas sama aplikasi ini sangat membantu,5,2025-12-24 03:19:04
Fazia Tasyah,gak ada bedanya di hp saya ga puas nyesel saya mending whatsapp yang lama dari pada ini,1,2025-12-24 03:18:02
Edi Sulaeman,Makasih aplikasi ini bisa membantu saya dgn baik..tpi ko sekarang asa bingung Fitur nya,5,2025-12-24 03:17:33
A Nur,kembalikan ke aturan aplikasi,5,2025-12-24 03:15:36
Nada,kena spam,1,2025-12-24 03:14:09
Syafira Nur andini (Syafira),bagus,1,2025-12-24 03:11:22
Ranti Doer,Tolong APUS pengaturan pemblokiran sementara di akun watsap saya,5,2025-12-24 03:10:57
Abas Kuce,baik,5,2025-12-24 03:07:37
Ningrat Suwardi,Mantap sekali,5,2025-12-24 03:06:47
Inyak Ry,sangat Baik,1,2025-12-24 03:06:17
tntriyuliyanti28,"NGEBLUR BGT BUAT VIDIO, TOLONG DIPERBAIKI, UDAH DIHD DARI APLIKASINYA TAPI TETEP NGEBLUR PDAHAL VIDIO ASLINYA HD BGT LOHH",2,2025-12-24 03:05:48
Dandung Saputra,wanya di batasi saya bekerja di kurir dan terus menerus di batasi sering meminta sherlock untuk pengiriman namun watshap di blokir atau di batasi terus menerus,1,2025-12-24 03:05:30
Azkayra Malaika,karna banyak bug dan saya chat kontak baru dikira WhatsApp saya pelecehan,4,2025-12-24 03:02:25
Yuliyana Yuli,ok,5,2025-12-24 03:02:11
Auberta Fayola,keren,5,2025-12-24 03:01:21
Nanda Eka yulisyah,baik,5,2025-12-24 02:58:09
Revalina Rahmadani,Koleksilah warna tema yang menarik dan lucu lucu untuk whatsapp,5,2025-12-24 02:56:59
Damas Nurenajati,"bagus, sangat bermanfaat",5,2025-12-24 02:56:22
Deris deris Deris,baik-baik ajah,1,2025-12-24 02:54:53
Siti Cholisatul W (Siti S),"selebihnya bagus aja, tapi pas mau ganti divace susah sih data chat lama ga ke cadangkan ulang, pas mau balik ke HP lama jg muter muter mulu ga bisa di buka udah 2 hari mau heran tapi yg lain jg ngerasain berapa eror nya bikin kesel sendiri",3,2025-12-24 02:54:05
Welly Bahtiar,setelah update.. 2 hari yg lalu.. wow.. bug nya parah min.. bintang 5 kuturunin dah..,3,2025-12-24 02:52:19
abraham alfaromanurung,"mau login ke nomor saya, tapi di pesan ngak masuk, email gk masuk,jadi saya dapat kodenya kek mana?, udah minta bantuan tapi jawabannya mengecewakan,gimana dong di situ ada grub, dan nomor saudara saya, mau login ngak bisa, kalo dulu masih bisa, sekarang ngak bisa, mana HP ku ke riset datanya, mau daftar nomor ku sebelumnya malah ngak bisa, kecewaaa berat....",1,2025-12-24 02:52:05
Andira Mardhiah,terima kasih,5,2025-12-24 02:51:55
Muhammad nur Irfan,knpa wa kok eror jringn sinyl gk bisa msuk dan jg gk bisa ke buka wa,5,2025-12-24 02:51:45
Zaki Athallah,baru awal belajar cara mendapatkan penghasilan tambahan,5,2025-12-24 02:51:05
R VD,tidak bisa dibuka,1,2025-12-24 02:50:52
Pratiwi Harmain,bagus kerena bisa catan dari jarah jauh,5,2025-12-24 02:48:10
Andre#1,"kenapa sii WhatsApp nya ke band Mulu padahal gak ngpain"".",1,2025-12-24 02:44:05
Izza Novi,bagus kok buat chatan,5,2025-12-24 02:42:39
Rizkia,WhatsApp aku update nya lama,3,2025-12-24 02:42:16
Ummi Hani,Bsgus ada pembaharuan,1,2025-12-24 02:41:48
Pengguna Google,verifikasi Nomor telepon,4,2025-12-24 02:40:48
Soleha Rimayani,"satu kata: ""WA nya bagus tapi sumpah nyesel sy UpdateğŸ¤§""",5,2025-12-24 02:40:35
Christianto Tjandra,"sudah sekian tahun memakai wa, eh hari ini di block, tiba2 nggak bisa buka. Tdk ada postingan yg aneh2, tp di block ğŸ˜­ğŸ˜­ğŸ˜­",5,2025-12-24 02:39:12
Sholikul Adib,membantu,5,2025-12-24 02:36:54
Qisya Insyirah,"baguss, bnyk yg bilang apk ny jelek dan buruk namun, sampai sekarang apk ny biasaÂ² saja dan sudah ter update! update ny juga baguss semuaa. tapi, bisa g developer update ny lebih bagus lgi?? Contoh ny: ai nya tdk usah terlalu baku... dan menambah kan labeh banyak laguu seperti Spotify! udh segitu aja, trims developer! semangat trus update ny!",5,2025-12-24 02:35:03
Abdilah Ahlam Zulfadli,sangat puas,5,2025-12-24 02:32:22
Rofi Udin,WhatsApp makin top,5,2025-12-24 02:30:20
Ardian A31,mantap,5,2025-12-24 02:28:41
Zia Whebe,wa saya tidak bisa di tekan atau di oprasikan mohon bantuan nya,5,2025-12-24 02:28:04
Putra Zavana,kenapa sering berhenti sendiri tolong di benahi,5,2025-12-24 02:23:24
Muhtadin,lumayan bagus,5,2025-12-24 02:22:58
Giri Natha,"aplikasi sering ke restart sendiri, pencadangan rusak. pihakaplikasi tidak mau tau dan tidak memberikan solusi.",1,2025-12-24 02:22:44
Udien Ikky,Insya AllÄh,4,2025-12-24 02:21:35
Asep Aminnulloh,ok,5,2025-12-24 02:20:31
Ak Akd,sangat baik,5,2025-12-24 02:18:34
Hafid Along79,bagus,2,2025-12-24 02:17:43
Abdul Azim,"di telepon menghubungkan,di video call bisa. aneh bat",2,2025-12-24 02:14:17
Farid Celleng,â¤,5,2025-12-24 02:13:22
Sofiyatun Sopiah,fitur pencarian benerin lah,1,2025-12-24 02:13:20
Mai Dalina,Baik,1,2025-12-24 02:13:13
Sarbinih Binih,Iya bagus,3,2025-12-24 02:10:50
Bang Ronni,gak bisa berkataÂ² lagi pokok nyağŸ‘ğŸ‘ğŸ‘,5,2025-12-24 02:10:30
Dodi Yogaa,Smoga bisa trbntu,5,2025-12-24 02:09:16
alfi airul,"hilangkan fitur saluran, banyak konten pornografi, dan promosi judi",1,2025-12-24 02:08:54
Andreas Jelvian R,sangat membantu sekaliğŸ™ğŸ»ğŸ˜‡,5,2025-12-24 02:06:49
Dewi Sriana,WhatsApp sangatembantu komunikasi baik lisan n tulisan. Bagus..ğŸ‘,5,2025-12-24 02:06:31
Kunyuk Hitam2040,"tiap hari minta update, menganggu bngt",5,2025-12-24 02:03:34
Tri navista Aini,"knpsi wa dikit-dikit update mulu, pdhl fiturnya gitu gitu aja,",1,2025-12-24 02:01:45
Nikmat Maulana,sangat bermanfaat,5,2025-12-24 02:01:44
Eko Saputra,jos gandos pokonya,4,2025-12-24 01:58:52
Ubed Kampak,bagus dan sangat berguna,5,2025-12-24 01:56:11
Titi Winarti,ok,5,2025-12-24 01:55:58
Clara Zaveera,woi update in,5,2025-12-24 01:55:16
HANITA,kenapa sii memuat terussss,2,2025-12-24 01:54:58
Mbendol 1892,boleh membantu kita,5,2025-12-24 01:52:08
Nur Achmad Haryanto,good,5,2025-12-24 01:50:18
Jusianti Spy,bagus,5,2025-12-24 01:50:15
Aulrion 1,"ui ux nya malah tambah ribet dibanding versi sebelumnya, kocak banget meta",1,2025-12-24 01:50:13
Mass Mass,"gak jelas, akun ku tiba tiba di banned. bikin nomor lagi eh malah di banned juga. gak jelas sumpah.",1,2025-12-24 01:49:23
Rauzatul Isra,knp gk bisa,5,2025-12-24 01:49:05
Parikun Hardianto sugito,baik baik saja,5,2025-12-24 01:48:59
cip Oong,Baik,5,2025-12-24 01:48:57
Sigit Dwi,sementara 1 bintang dlu. jika 2 akun nge bug terus,1,2025-12-24 01:47:39
Daus,bagus,5,2025-12-24 01:46:06
Sudibyo Yn,kerja tambahan lewat Instagram alternatif meraih duit di masa sulit.,5,2025-12-24 01:43:50
Neneng,GOOD LOCK,3,2025-12-24 01:43:23
Fika Amelia,sangat tidak bagus tiba tiba harus oplay,1,2025-12-24 01:42:36
Asman Asman,"kenapa WhatsApp saya selalu di SPAM,saya tidak melanggar aturan aplikasi WhatsApp ?",5,2025-12-24 01:42:22
ega putra,"perbaiki sistem status nya, setiap post vidio di status selalu blur, padahal vidio yang mau di post udah resolusi paling HD, tetapi buram ketika post di status, jadi pleaseğŸ™ğŸ»",5,2025-12-24 01:41:29
Ivanda Indah nuraini,buat story blur,3,2025-12-24 01:40:15
Zhafiraa Ghaniyaa,mau login aja susah bangettt,1,2025-12-24 01:39:18
Arbani,Terbaik,5,2025-12-24 01:37:24
Aby Wian,WhatsApp ini tidak bisa mendownload sebelum memori tidak penuh,4,2025-12-24 01:36:53
Evania Jasmine,"aku tau wa ini sangat berguna malah sangat berguna bangett, tapi kenapa ya sering erorr, padahal aku sayanggg bangett sama wa ini, tolonglah min pulihkan nomer dan akun saya di WhatsApp messenger iniğŸ¥ºğŸ™",5,2025-12-24 01:36:06
Sabarno Sabarno,verry good nice,5,2025-12-24 01:36:02
Ari Saputra,Sangat membantu,5,2025-12-24 01:35:47
Hanida Intan,chat tidak bisa disematkan secara permanen 0,1,2025-12-24 01:34:52
Amrul,bagus banget,5,2025-12-24 01:34:48
Agus Saputra,mantap,5,2025-12-24 01:33:08
Decha Arta.m Decha,memuaskan,5,2025-12-24 01:32:40
Sinta Sinta,sangat baguss,5,2025-12-24 01:30:13
Samsung galaxy,wa saya ga bisa di buka,2,2025-12-24 01:29:46
Tapal Kuda,sangat berguna,5,2025-12-24 01:29:34
Kertajati Trans,Bagus,5,2025-12-24 01:27:55
Huroiroh,"bikin akun baru malah dibatasi karena spam, udah 2 kali dalam 1 hari. Gajelas banget",1,2025-12-24 01:27:44
Mama Haura,Bagus,3,2025-12-24 01:27:41
Alitopan,bagus,5,2025-12-24 01:27:21
pitarnis lahagu,sangat baik,5,2025-12-24 01:27:14
Pelantara Garu,saya menyukai wa,5,2025-12-24 01:26:08
Rudy Ferdy,Sangat bagus,5,2025-12-24 01:26:05
sasimo lonte,cepat,5,2025-12-24 01:25:48
Lukmanto,ok baik,5,2025-12-24 01:22:47
Anna farrel,skrg tambah ribet,2,2025-12-24 01:22:35
viveiii 22,mohon maaf yaa ini kok efek kameranya nya nggak ada ya padahal udah tok hidupin,5,2025-12-24 01:22:35
Joemadi Namako,mudah digunakan disegala aktifitas,5,2025-12-24 01:21:32
Arig Bontoh,lumayan bagus,4,2025-12-24 01:21:14
Fauzan Uzan,tidak bisa instal,5,2025-12-24 01:21:12
Anace Kabuno,bagus,5,2025-12-24 01:18:56
Catur Prasetiyo,tolong solusi pesan vidio foto dokumen yg sudah terdownload tidak ada di dalem galeri,5,2025-12-24 01:17:04
Mrs Krisna,"sekarang whatsapp kenapa ga bisa nyematkan orang yahh, kalo udahh disematkan, trus beberapa menit kemudian sematnya hilang lagii, kek gimana nihhh!!!! , Tiba-tiba banyak fitur baruu",4,2025-12-24 01:15:40
Isti qomah,tmpt pembaharuan status x tidak ada,4,2025-12-24 01:13:30
Suriani,bagus kok,5,2025-12-24 01:11:34
Koes JD,mash yg terbaik,5,2025-12-24 01:11:19
Efendi ASG,Update terbaru ini kacau bgt .. susah buat kirim data file,5,2025-12-24 01:10:42
Muhammad Ilham,kenapa sih WhatsApp saya selalu ke belokir padahal saya tidak melakukan sepam ataupun sejenisnya tolong di perbaiki itu sistem WhatsApp nya sudah 5 kalian WhatsApp saya ke belokir Tampa sebab @whatsapp messeo,3,2025-12-24 01:09:48
Toni Tonijah,saya suka,5,2025-12-24 01:08:53
Fiola Sari,baik,5,2025-12-24 01:08:41
War KA,banyak bug logo saja,2,2025-12-24 01:05:28
Ruski Adi,mantap,1,2025-12-24 01:04:40
khairul nizam,ok,5,2025-12-24 01:03:14
mari intan,"tolong min kenapa kalau saya buka wa nya slalu di spam, kenapa yh , tolong lh di perbaiki bug nya lgi terima kasih",2,2025-12-24 01:02:58
Mochammad Machin,top dan top,5,2025-12-24 01:01:28
Syaukat Ali,baik,5,2025-12-24 00:58:38
Andi Krisdianto,mantap...ğŸ‘,4,2025-12-24 00:57:26
RifkySetia EkaPhutra,"kenapa sekarang sering bug, seperti susah tekan emoticon, stiker, aneh bnget deh makin kesini, tolong dong bug seperti itu di perbaiki, karena berpengaruh untuk wa yang di gunakan untuk kerja",2,2025-12-24 00:56:00
Riri Susanti,layanan kerja nya sangat bagus saya suka,5,2025-12-24 00:53:00
Yance Pasya,mudah dan nyaman dalam mengoperasikannya. terus berinovasi,5,2025-12-24 00:52:44
Fathia Azzahra,"whatsapp nya bagus, berguna, tapi minusnya dii aku sering bgt ke ban gatau kenapa.",4,2025-12-24 00:52:21
Mahesa Angkasa,bantu kenapa saya tidak bisa login,5,2025-12-24 00:49:35
sa jojo,ini tolong kenapa akun saya kena spam mulu cara mengatasi biar gak kena spam lagi gmn sudah ikuti cara yg dibagikan masih aja kena spam tiap hari kek gitu nunggu peninjauan lama pula makin hari makin gak jelas,1,2025-12-24 00:49:06
Rizal Irwanu,apliksi nya bagus dan nyaman dari dulu selalu pakek aplikasi ini,5,2025-12-24 00:47:21
Rafa Nasya,"saya harus riset ulang terus garaÂ² gk bisa di buka,ğŸ¤ª",1,2025-12-24 00:43:38
suharsi suharsi,keren,5,2025-12-24 00:37:26
Diana Diana,"Memberikan infomasi yang baik kepada orang lain, Memberikan masukan yang baik kepada orang lain, Memberikan pertolongan kepada orang lain,",5,2025-12-24 00:33:51
BOXXY 231,saya tidak tau melanggar apa tapi WhatsApp saya selalu di kenon/di band ini sangat menjijikan,1,2025-12-24 00:33:39
Muslim Sibolga,puas,5,2025-12-24 00:32:52
Leo Kopet,Apalah pake acara bikin fitur sekali lihat segala,1,2025-12-24 00:29:23
Nofa Ilham rama dani,hilangkan pemblokiran WA 24jam saya sebagai kurir sangat kerepotan kalau WA tibaÂ² diblokir karena alasan spam,1,2025-12-24 00:29:17
Lukman Adhiwijaya,"WhatsApp saya Tiba Tiba kena block sampe 3x gara gara spam,padahal saya buka wa aja jarang,dan aneh nya setelah pulih beberapa menit kedepan kena block lagi aneh emang,Tolong perbaiki masalah ini, terimakasih ğŸ™ğŸ»",2,2025-12-24 00:25:24
NugrohoDwi Aprilianto,"Update versi terbaru microphone gabisa masuk buat call, video call atau voice chat. bug apalagi ini wa wa padahal record video pake aplikasi kamera bisa. izin aplikasi sudah di on semua",1,2025-12-24 00:25:24
Yazid Rosyadi,baguss bangett,5,2025-12-24 00:24:30
Holis Hopipah,"WhatsApp Adain fitur edit caption dong di sw ,biar klo salah caption tuh ngga usah di hapus ,ngga harus bikin baru",5,2025-12-24 00:23:39
mhang yoyo,Good,5,2025-12-24 00:17:14
ompuakas 99,di updata malah ga bisa.dibuka,1,2025-12-24 00:17:00
Aqilla Hidayat,punya ku ga bisa d pake emot nya..,4,2025-12-24 00:16:49
Ninik Napisyah,"tiap buka status WA ada option status WA pakai versi terbaru, dibuka status sama saja",3,2025-12-24 00:15:35
Keyan atau Salma,"eum..... Kenapa ya kok kembali ke fitur lama?, Padahal dah bagus loh fitur terbarunya ğŸ’”",2,2025-12-24 00:12:39
Dani Hamdani,sangat puas,5,2025-12-24 00:08:22
Ponidi Ateng,"sangat membantu untuk tlpn vc pesan singkat, pokok nya the best",5,2025-12-24 00:08:13
sifaa park,bagus sih,4,2025-12-24 00:07:53
Hafizatuz Zuhriyah,"apaan tiba tiba wa ke reset, padahal memori ga penuh.",2,2025-12-24 00:07:26
Jaelani Ani,bagus bisa membantu ğŸ™‹,5,2025-12-24 00:05:27
Cha VLG,"Aplikasi Keren, minus story Non HD",4,2025-12-24 00:05:04
mel Mela,sangat bagus sangat berguna bagi semua orangğŸ˜ŠğŸ™‚,5,2025-12-24 00:04:41
Tato Rujianto,sangat bagus untuk berkomunikasi dengan seseorang,5,2025-12-24 00:04:13
Juhandi Salawasna,d update malah kontak pada hilang terus,1,2025-12-24 00:03:01
kho,"fitur matikan notif ke chat pribadi tidak jalan, tiap 5 menit fiturnya mati kan tolol",1,2025-12-23 23:57:43
Buyuong Dona,oke,5,2025-12-23 23:54:42
Widya Mujiani9,restore the old WhatsApp info menu,1,2025-12-23 23:53:44
Nuha Nuha,tidak bisa menelpon,1,2025-12-23 23:52:58
Nur Hendiyanto,kenapa wa aku ga mau kebuka,5,2025-12-23 23:50:00
Hendra Belo,tidak bisa di buka karena di spam terus,1,2025-12-23 23:46:28
Jannah Nur,Bagus,5,2025-12-23 23:46:06
Rahaq Hana,"Ey, Kenapa kalo Beta masang status selalu buram macam masa depan ko, kasihlah Beta fitur biar bisa memilih pengaturan resolusi status, dan satu lagi, TU META AI BISA GOBLk kali ah, Beta Chatingan dengan aplikasi ai hentai masih responsif Ai hentai tu, sekian pendapat dari Beta, salam dari timur.",5,2025-12-23 23:42:52
Nurul Azkhyia,"sengaja bintang 5 biar ke baca siapa tau dapet solusi nya,, no watsap orang tua saya tiba tiba logout lalu di hack orang lain tolong bantuan nya",5,2025-12-23 23:42:50
Rany Azzahra,"ini kenapa ya, bisanya emang suka ada notif ""WhatsApp tidak menanggapi"" kalo terlalu lama pake wa dan sudah mulai nge lag, tapi hari ini saya gabisa chat an sama sekali, setiap buka wa selalu muncul notif itu, ini wa nya atau hp saya yang salah",4,2025-12-23 23:42:38
yuliardinawati lubis,baru disini belum fahan caranya,5,2025-12-23 23:42:15
Rofiah Diah,Mending tidak usah di update,5,2025-12-23 23:42:12
Iyah Narsiah,sungguh membantu saya dalam sihal singkat saya,5,2025-12-23 23:42:09
Vanto Toineno,Bagusan,5,2025-12-23 23:40:02
Dwi Cahyono,tiga buln sekali suruh memperbarui trs,2,2025-12-23 23:37:52
Mirza Hanif,sangat membantu,5,2025-12-23 23:35:58
Malaikat Kematianmu,"fitur musik untuk status tidak dapat berfungsi/digunakan dan juga ada masalah pada pengaturan notifikasi untuk ringtone. ketika disetel audio/ringtone baru, berfungsinya cuma 10-menitan, setelah itu nada dering kembali ke setelan awal default. mohon perbaikannya",3,2025-12-23 23:35:42
Wahyu Bagus Saputra,sangat membantu,5,2025-12-23 23:32:49
Heru Reza,serba mahal,3,2025-12-23 23:30:01
Enung Rochmah,lni alat buat berkomunikasi yg sering digunakan buat menelpon Pesan singkat vlog dan lain2.Sebuah aplikasi yg mumpuni.Salut buat operator,5,2025-12-23 23:29:32
Rasti syafrita Putri,berkomunikasi lebih mudah dan cepat tanpa iklan menjadikan pengalaman yg menyenangkan,4,2025-12-23 23:28:37
Nani,propesional,5,2025-12-23 23:27:10
Naura Zahidah,kren,4,2025-12-23 23:25:29
Adrianus Fherdy,ok,5,2025-12-23 23:25:11
Denok lobis Lobis,Alhamdulillah sangat berguna bagi saya terimakasih,5,2025-12-23 23:23:41
Anisa Muhar,nice,5,2025-12-23 23:22:02
Kucing Hitam,knp no sy kena spam. tolong watsap buka kembali no saya yg terkena spam,3,2025-12-23 23:18:33
Auw Imn,aplikasi sering logout sendiri nomor saya,1,2025-12-23 23:17:30
RAFI Cs,tidak bisa nelpon tidak bisa buat sw,5,2025-12-23 23:17:04
Udin Pahril,whatsapp aneh banget sekarang saya baru saja ganti sim di suruh download whatsapp versi asli padahal sudah versi asli saya download nya pas vidio call ga bisa rekam layar aneh bngt,1,2025-12-23 23:12:51
all GAME,gajelas jih whatsapp masa saya ga ngelakuin apa apa terus diblokir permanenğŸ˜“ğŸ˜“ğŸ˜“,1,2025-12-23 23:10:58
Nanang Saryo,"makin kesini makin parah, masa tiap hari diblockir Mulu padahal ga pernah kirim/terima yg aneh2, jadi manghambat kerjaan",1,2025-12-23 23:07:59
Delfan Afandi,thank you â¤ï¸,5,2025-12-23 23:07:01
Aqisya Zahratunida Irawan,seru,5,2025-12-23 23:04:07
Reyhan Ramadhani,kepada pihak WhatsApp jagan lagi nomer saya dispam lagi yahğŸ˜”ğŸ˜­,5,2025-12-23 23:02:06
Gigih Yoga,kenapa ya kadang telat muncul wa nya,5,2025-12-23 23:00:29
Rosendy uchiha,masalah karena sudah tekan Selamatkan chat malah selamatkan sendiri lepas chat. tolong kak harus bantu perbaiki cepat selesai. sebelum terimakasih kak.,1,2025-12-23 22:54:10
Imam ajalah Imam,sekarang malah sering kena spam,5,2025-12-23 22:53:41
Muhammad Rizky,"aplikasi ini banyak fitur ane Dann bug bug yang tidak jelass kalo ada apk lain sudah saya pindah pakai apk lain.apk ini sunggu harus segerah di perbaiki lagii jangan sampai terjadi lagi,dan saya hanya mengirim pesan singkat ke orng yang berada di luar negeri tiba tiba apk ini langsung tidak bisa terpakai lagii sungguh aneh tapi nyata apk ini tidak cocok di pakai KLO Masi seperti ini",1,2025-12-23 22:53:05
Vindi,GK bisa buat nge sv nomer baru,1,2025-12-23 22:52:32
Fajar Ali,camera mohon tingkatkan,5,2025-12-23 22:49:01
Lapang Hasibuan,ok,5,2025-12-23 22:48:44
Yunaria Ardila,baru kalii ini gedek banget sama aplikasi,1,2025-12-23 22:48:28
si-21 laudry,Sangat membantu dalam era digital sekarang,5,2025-12-23 22:46:20
Pierre Tendean,"Akun saya kok bisa ke spam ya,padahal saya tidak melakukan apa-apa,saya tidak melanggar aturan yang diberikan oleh pihak developer,mohon di tangani,saya hanya ingin akun saya kembali,karena saya belum menyatakan cinta pertama saya",5,2025-12-23 22:40:33
Yuli Yulinar,saya sangat senang bisa berin teraksi sama teman atau kuluwarga,5,2025-12-23 22:35:53
Ery Ekklesia,Tingkatkan!,5,2025-12-23 22:30:09
Anisa Askadina,"aslinya mau ku kasih b5, karena baru beli kartu lansung ga bisa di pakai jadi nya cuma b3",3,2025-12-23 22:28:55
Aris Kiswandi,Ok,5,2025-12-23 22:28:38
Sri Dwi febriany,ada yang sama ga chat wa tidak bisa di sematkan? giliran bisa pas keluar chat atau chat dari org yang di sematkan hilang lagi ? aku sampe bbrp x uninstall wa takut hp nya error tp kaya nya bug dari wa nya ğŸ™‚â€â†•ï¸ tolong lah perbaiki,1,2025-12-23 22:27:03
Artha Sugiarto,Ok baik yesss,3,2025-12-23 22:26:34
Budi Budiman,mantap,5,2025-12-23 22:18:38
Indra Lesmana,bagus,5,2025-12-23 22:17:43
Sinta Wijayanti,kenapa saya mau download tidak bisa teeus,1,2025-12-23 22:16:22
Siti Aisyah,whatsapp itu sangat penting buat segala hal terutama usaha dan hubungan,5,2025-12-23 22:12:54
Adianto Bangun,Slaow,5,2025-12-23 22:12:22
Fransiskus Alberto Pio,Terima kasih telah membantu saya,5,2025-12-23 22:10:53
Hilmi Azhimi,Jelek. Metanya ngadat.,1,2025-12-23 22:09:46
Serba Guna,sangat membantu sekali whatsap,5,2025-12-23 22:05:35
Saiful,cukup bagus semoga lebih baik dan lebih bagus lagi ya boss,5,2025-12-23 22:04:16
Ø£Ù„ÙŠÙØ©,"bantu saya membuka wa saya didalemnya memuat teruss banyak data penting didalemnyaa mohon bantuannnya,ğŸ¥²ğŸ˜­",3,2025-12-23 22:00:50
rika permata,ok,5,2025-12-23 21:54:13
Criss Jhon,"watsapp saya di gunakan org yg TDK di kenal , Tolong di pulihkan , Terima Kasih",5,2025-12-23 21:52:23
Ilham Pratama,Sangat baik,5,2025-12-23 21:50:39
Setia Budi,kenapa Watsapp saya selalu kena spam? sudah ganti nmor tetap kena spam.,3,2025-12-23 21:46:23
Iche Trisnawati,keren,5,2025-12-23 21:45:51
aulia widya putri wijayanti,apa apaann wa sy sering ke benned pdh juga ga mgpa ngpain,2,2025-12-23 21:45:19
Rikapuspitasari 123,"SElalu kena bug kenapa si ini wa gj banget tolong di perbaiki dong soalnya ini wa apl paling berharga banget di banding apl lainnya kalo ga ada wa susah mau ngapa""in juga tau!!!!! ALWAYS KENA BUG!!!",2,2025-12-23 21:34:55
Abdul Karim,whats up is the best,5,2025-12-23 21:31:01
Apin Apii,Updet Pngilan video diwastap sya supaya bisa sambil buka branda,5,2025-12-23 21:29:46
Ray Andco,nice,5,2025-12-23 21:24:53
damar wicaksana,kenapa sekarang fiturnya ribet chat orang baru langsung akun gak bisa dipakai katanya spam,1,2025-12-23 21:22:08
Wahyu Nurdianto,bagus,5,2025-12-23 21:16:03
Rafael Telaumbanua,"Tolong perbaiki aplikasi ini sudah tiga hari akun saya log out terus setiap kali keluar aplikasi karena dihubungkan dengan perangkat lain, tatapi saya mengira ini adalah bug karena saat kejadian saya memasang password dan verifikasi 2 langkah jika memang akun saya digunakan oleh orang yang tidak bertanggung jawab tapi permasalahan ini tetap terjadi. Mohon diperbaiki secepatnya ğŸ™ğŸ™ğŸ™",3,2025-12-23 21:12:20
Riziq Hagi,"Saya baru daftar WhatsApp dengan nomer baru, setelah terdaftar dan langsung chat teman satu kali tiba2 ada notifikasi akun saya di batasi dan kena blokir sementara selama 6 jam saya tidak bisa chat di semua kontak saya, bukan 1 kali saja tapi udah 3 kali selalu begitu, saya tidak pernah spam ataupun apapun itu yang melanggar ketentuan, mohon bantuannya ini kenapa???",1,2025-12-23 21:11:38
Kus Nadi,kenapa tidak muncul di layar utama whatsapp,4,2025-12-23 21:07:33
Dicha Dicha,kenapa ini kok bolak balik ke log out sendiri,1,2025-12-23 21:07:32
Rifat Januarta,"apalah ni aplikasi, makin kesini makin aneh, mau menyematkan chat malah katanya harus melepas semua sematan chat, padahal sematan chat sebelumnya udah di hapus kontak tapi chatnya masih tersematkan, gimana ni",1,2025-12-23 21:07:24
Lukmanul Hakim,"kebiasaan setiap kali diupdate, ada aja bugnya",2,2025-12-23 21:07:17
Yusuf Kurniawan,sekarang kalau buat video story jadi burik gambar videonya pecah beda jauh dengan video yang ada di hp,2,2025-12-23 21:02:32
tria adel,"oii whatsapp ini kenapa pas mau masukin kode verifikasi malah nge-freeze, ga bisa disentuh, ga bisa dimasukin kode verifikasinya jadinya",2,2025-12-23 20:51:26
Helin Kefret,se andai nya bisa buat lirik lagu sendiri keren whatsapp ini,5,2025-12-23 20:48:56
Rahma Dio (Dio),ok mntap,5,2025-12-23 20:46:36
Gopang Gopang,Alkhamdulilah bisa aktif,5,2025-12-23 20:39:49
Irjay JiO123,saya akan menabah bintang untuk Apk yang mampu menjangkau jarak aktifis dari jauh dan dekat terimakasih.,2,2025-12-23 20:39:32
Rudi Turjono,Bagus,5,2025-12-23 20:23:00
adelia putri,gabisaa buka akun karena spam chat,5,2025-12-23 20:18:19
Moeswardianto Google,"WhatsApp akun saya setiap hari mengalami verifikasi ulang SPAM semenjak 2 thn terakhir semarak judi online mendunia ini dialami di zaman sekarang dulu tidak pernah terjadi seperti ini..sabutase no akun w.a saya sudah digunakan oleh orang yang saya tidak mengenal nya?Buktikan jam 14.00 siang s/d jam 21.00 malam nantinya baru bisa saya gunakan untuk bertelekomunikasi, ini terjadi langganan bagi saya sangat terganggu dan kecewanya bila ada sewaktu2 info berita masuk harus diterima dbalas PENTINGğŸ˜­",5,2025-12-23 20:15:28
Silvia Pky,mantap,5,2025-12-23 20:08:07
Donadona23,"wa ku muter2 memuat terus dalam 2 hari ini, tolong dong solusinya biar bisa login lagi",1,2025-12-23 20:06:44
Izma Mawati,bagus,5,2025-12-23 20:05:15
Muhammad Rizky,Akun anda saat ini sedang dibatasi Whatsapp mohon segera tinjau akun saya dan perbaiki. Segera mungkin trimahkasih,1,2025-12-23 20:02:34
De Gz,sangat membantu,5,2025-12-23 19:49:48
Agus Irawan,sangat memuaskan,5,2025-12-23 19:42:51
Fatakhqur Rakhman,"membuka Wa kembali, maaf udah mengikuti prosesnya masih sama belum bisa kembali, apa trobel sistem nya..",2,2025-12-23 19:38:58
beny wahyu,Good,5,2025-12-23 19:35:39
Sahrul Shodikin,bug terlalu banyak,1,2025-12-23 19:34:07
Tatang,sangat terbantu sekali dengan adanya whatsapp ini,5,2025-12-23 19:28:34
iqbal sabrani,whattsap berguna bangett terimakasih,5,2025-12-23 19:24:45
Bayu Tampomas JZ11VJB,bagus vidionya,1,2025-12-23 19:08:47
Jailani,mksih smg sht slluy sngt mnyenangkn mksh semuany keindhn sllu di nntkn momeny sllu diabdikn mksih,3,2025-12-23 19:01:11
Tyo Dkm,banyak spam,1,2025-12-23 18:56:00
ADRIAN MC,WhatsApp setalah update kok malah gak bisa nelpon sama vc bisa cuma gak bisa di angkat tulisannya panggilan tak terjawab terus setelah update malah banyak bug mohon segera di perbaiki,1,2025-12-23 18:54:38
Pramata Azalai,akun sering di spam,4,2025-12-23 18:54:31
Septyadi Ade,bagus bgt aplsnya,4,2025-12-23 18:51:01
Haryanto Bagus,semga lancar,5,2025-12-23 18:48:46
Muhammad Aditya,"tolong WhatsApp ini di pebaiki mungkin bug atau gimana saya juga tidak tau, kontak teman saya itu saya sematkan tapi setelah itu tidak bisa di matikan sematlan pesannya, tolong segera di fiks bug"" seperti itu, itu merugikan bagi saya.",1,2025-12-23 18:45:05
ANTON ROLLYS,mantap,5,2025-12-23 18:35:29
Ayu Lestari,sukaaa,5,2025-12-23 18:32:38
Fadhil Rizqi Pratama,"kenapa whatsapp saya tidak bisa di gunakan karna aplikasi nya tidak resmi, padahal aplikasi yang saya gunakan resmi, tetapi di hp lain saat saya gunakan nomor tersebut bisa",3,2025-12-23 18:27:59
viaaax vinnn,bug muluuuuu,1,2025-12-23 18:27:53
Sri Liswati,Kadang suara kurang jelas,4,2025-12-23 18:24:48
Hardee Plur,bagus tapi gampang keblokir,4,2025-12-23 18:23:07
Ram Dhani,ok,5,2025-12-23 18:19:36
Riki Wahyudi,Bagus,5,2025-12-23 18:19:33
Edoandry Nasution,ok,5,2025-12-23 18:19:32
Weni Rambe,baik,5,2025-12-23 18:15:23
Zepri Bastin,Tolong berikan Whatsap saya saya ingin akun saya kembali,4,2025-12-23 18:15:21
Ariezona Rhaka,"bener2 parah makin kesini makin kesana ini apk whatsapp ga jelas perbaiki lah , jangan tiap di perbarui makin ga jelas , dan boros penyimpanan",5,2025-12-23 18:15:15
Mujani Aja,Sagat bagus..,5,2025-12-23 18:13:19
Ndoy,Hanya bintang yg berbicara.....,5,2025-12-23 18:11:23
Al Cavani,plis woi kasih tau cara ganti nama kontak diri sendiri gw dri tadi coba ngga bisa malah verifikasi kode amanğŸ¤”,3,2025-12-23 18:08:33
RA OrigamiNg,wey abis update terbaru poto-poto di dok grup maupun chat banyak yg ga kebuka,5,2025-12-23 18:03:32
SAEPUL RUSMANA,Alhamdulillah terimakasih,5,2025-12-23 18:03:21
Julima Zai,Harus cepat,5,2025-12-23 18:02:14
Dinda Agustina,kenapa wa ku di blok kir,1,2025-12-23 17:58:24
Imam Sugiyanto,keren,5,2025-12-23 17:55:05
ABD ROHMAN ROHMAN,ok,5,2025-12-23 17:53:15
Acep Suhendra,bagus,5,2025-12-23 17:52:41
Nikon Nainggolan,Belajar agar bisa dapat ilmu yang mudah dan bisa cal sama teman teman,5,2025-12-23 17:49:30
Mega Antika,semoga WA bisa kembali normal,5,2025-12-23 17:49:23
Baiq Aqila,membantu komunikasi,5,2025-12-23 17:48:17
Herka Maulana,"tolong tambahin fitur verifikasi wajah dong min, minimal 1hari 1x, supaya klok amitÂ² HP ilang/dicuri nomornya masih aman&tidak disalah gunakan ğŸ™",5,2025-12-23 17:45:31
Nyung Buy,bgusd,5,2025-12-23 17:43:39
Sabella Rosyadi,senang,5,2025-12-23 17:38:16
Rohadi amar,susah untuk memperbaiki WhatsApp versi resmi baru,3,2025-12-23 17:34:29
antang in,ya jelas mantapp,5,2025-12-23 17:33:38
Teuku mursyidin Satria,sangat memudahkan untuk berkomunikasi,5,2025-12-23 17:32:04
Haris Gz,"memper mudah komnikasi, apk nga agak leg dikit kadang",4,2025-12-23 17:30:18
Tiara Rohani,Oyy wa gara gara kmu ngebug ceklis biru jadi berantem aku sama pacar aku :( jelasin wa knpaaa,2,2025-12-23 17:29:31
Arifin Ahmad rambe,"WhatsApp sekarang lain dikit "" blokir di suruh peninjauan kebuka cuma sekian menit ke blokir lagi ntah apa yang salah",1,2025-12-23 17:25:48
myname bee,kenapa saya up video di story WA tidak muncul seperti loading gt ...bnerin dong min â€¼ï¸ padahal sdh di update,3,2025-12-23 17:24:17
Chantika Aura abelia,saya beri bintang 5 agar bisa di baca orang lain karena saya tidak melakukan apa pun pelanggaran tiba tiba WhatsApp saya di blokir secara permanen oleh WhatsApp saya sangat kecewa dan saya sudah 4 kali ganti nomor nomor whatsApp dan saya sudah muak melakukannya itu setiap WhatsApp saya diblokir Kenapa tidak di beri 3 kesempatan dan akhirnya tidak di bukak oleh pihak WhatsApp,5,2025-12-23 17:22:12
Yudi Kacong,mantap,5,2025-12-23 17:22:01
Skd Baik,ok,5,2025-12-23 17:18:46
rzian Ipung,Saya pensiunan PT.POS INDONESIA inilah pengallaman saya.,5,2025-12-23 17:16:52
Lucifer.,updet gajelas,1,2025-12-23 17:16:11
musiyah musiyah,sangat bagus,5,2025-12-23 17:15:34
Anisa Cuek,"alah apaan ni wa tll amat, dikit2 kena bener, baru buka Wa kena bened.ngelanggar kaga malah kena bened, dasar toll",1,2025-12-23 17:15:19
Lucy Ana12,agak mendingan,4,2025-12-23 17:15:02
mandiri,"hey wa , gara gara nte nge bugg ceklis biru , adik aing di carekanan ku kabogohna ğŸ¤£ğŸ¤£",3,2025-12-23 17:14:01
Lauh Mahfudz,puas,5,2025-12-23 17:13:18
Rahmat Kamal,"wa gila,gada spam baru chat 1orng dah keban,gada ngapa ngapain juga keban,wa makin gila sekarang,udh berapa nomor keban permanen,pdhl make hp ORI ,wa ORI tapi asal ban aja ni pihak WhatsApp,tolong diperbaiki kesalahan teknis nya yang dapat merugikan orang banyak,tidak bisa chat keluarga, teman"", rekan kerja,dll",1,2025-12-23 17:08:45
Jhon Hon,mencoba,2,2025-12-23 17:06:14
Nur Kampli,"kok wa saya setiap buat setory blur sih baru"" ini padal.biasanya walapun ikuran gede bisa ini kok malah blur, wa sekarang gak kayak dulu bisa hd kecewa gua pindah aplikasi aja paling bener",3,2025-12-23 17:00:57
Anisa Ayu,efekk mirorr waktu panggilan vidioo bisaa ga yaa dihilangin gangguu bangettt,4,2025-12-23 17:00:22
Rosian Anwar,eror terus nomor belum di verifikasi,1,2025-12-23 16:57:01
Nadzifa Azzahra,"sumpah ni wa ko bisa se bug ini, udh di hapus dan di install ulang wa nya ttp aja bug, ga bisa masukin no tlp nya.",1,2025-12-23 16:54:21
Amel Yani,mantep,5,2025-12-23 16:53:23
Bastian Monroe,nice,5,2025-12-23 16:52:30
Mega tyia,tolong kembalikan akun wa gua yang udah kau blokir,2,2025-12-23 16:52:20
Zwan Lero,memuaskan,5,2025-12-23 16:48:54
Risa Muawwana,aplikasi ini terlalu banyak update terlalu boros penyimpanan banyak aplikasi yang terhapus gara gara aplikasi ini,1,2025-12-23 16:46:56
Johanes Span,sangat mudah untuk berkomunikasi dengan orang lain,5,2025-12-23 16:46:26
Pel Yiii,sangat bagus tolong mudahkan update nya,5,2025-12-23 16:43:18
Erna,ga bisa liat video atau ngirim,2,2025-12-23 16:43:00
Siti Nurhasanah,ak suka wansahap,5,2025-12-23 16:39:21
debby vinz,"tidak bisa login , stuck di masuk nomor",1,2025-12-23 16:38:21
Ghozin Firmansyah,ok,5,2025-12-23 16:37:58
Wahidatun Ni'Mah,Makasih mantap,5,2025-12-23 16:37:23
M.irawan syaputra Irawan,"kenapa akun ku diblokir terus,pdahal Uda ganti no baru",1,2025-12-23 16:36:24
Mus Efendi,ini lah aplikasi yg paling bagus,5,2025-12-23 16:27:55
Muhammad Reyhan,"WHATSAPP SEKARANG BURUK . CHAT MASUK SERING TIDAK BUNYI NOTIFIKASINYA . SEHINGGA BIKIN KACAU PEKERJAAN. JADI SUSAH SEKARANG HARUS SERING2 NENGOK HP TAKUT ADA CHAT DARI ATASAN YANG TIDAK KETAHUAN DATANGNYA (KARENA NADA NOTIFIKASI TIDAK BERBUNYI). JANGAN SALAHKAN HP PENGGUNA. PENGATURAN NOTIFIKASI UMUM DI PERANGKAT OK, PENGATURAN SUARA DAN NADA DI APLIKASI WHATSAPP OK. MODE NO SILENT. SINYAL FULL DATA FULL WIFI KENCENG (JAKARTA SELATAN KOTA). SENGAJA NULIS HURUF BESAR SEMUA BIAR KEBACA...",5,2025-12-23 16:27:41
kuta tinggi,sangat bagus,5,2025-12-23 16:27:22
Aulia zah'ra Aulia zah'ra,baguss tapi tolong hapus mirror di vidio call,4,2025-12-23 16:23:19
PERABJ PERABU,mantap.ğŸ‘,5,2025-12-23 16:23:18
à¤ªà¥à¤²à¤¿à¤¸ à¤­à¤—à¤µà¤¾à¤¨,.....istimewa.....,5,2025-12-23 16:20:04
Nurlatifah Ahmad,Kurang suka fitur status terbaru wa.,3,2025-12-23 16:17:57
Dwi Buana,tiba tiba chat hilang sebulan,1,2025-12-23 16:17:54
Stok Manz,BAGUS SEKALI APK WHATSAPP MESSENGER,5,2025-12-23 16:14:41
cintak cintak,ok,5,2025-12-23 16:12:56
M. RAMDY,no wa saya selalu terkena ban ketika lagi chatting an bersama teman,1,2025-12-23 16:10:27
Dwi irwan susato Irwansusanto,saya bgt dgn whsap ini,5,2025-12-23 16:09:39
Maman Rukmana,kenapa kontak WA suka tiba-tiba menghilang. udah di save hilang lagi. tolonglah di perbaiki.,2,2025-12-23 16:09:19
Felix Felix.pattinama,whatsp nya tidak jadi di buka ni ribet amatsih,5,2025-12-23 16:08:10
Mar Ini,Waw,5,2025-12-23 16:06:51
Munif Kacong,saya udah ber pengalaman jauh,5,2025-12-23 16:04:20
Hans S Karoen,"untuk mengisi aplikasi ini cukup rumit dan susah bila belum dimengerti, makanya perlu bantuan untuk dipandu",5,2025-12-23 16:03:18
zr akmal,"WOY WA LAPTOP GAUSAH DIBUAT KAYAK WA WEB LAH GAJELAS BANGET UDAH BENER KAYAK SEBELUMNYA MALAH DIBUAT WEB, JADI LAG CO YANG BENER AJA LAH",1,2025-12-23 16:03:13
Evi Oshin,tolong banget ini whatsapp tiba2 eror huahhhhhh,4,2025-12-23 16:03:07
Ridwan27 Dion,kenapa akun wa ku kena sepam,1,2025-12-23 16:01:06
ocep geros,mohon bantuannya,5,2025-12-23 15:56:53
Shella Tan,"nth lh ga tau knp wa saya, masuk tra tiba""keluar sendiri ngebug atau kek mna pun ga tau, wa bisnis ga enak tolong lh ini wa kenapa bikin saya kecewa padahal sblmnya ga pernah ginj",1,2025-12-23 15:55:33
Tety Gulo,kok setelah diupdate jdi gk bisa lihat video story teman ya,3,2025-12-23 15:53:41
Karman Sukarman,stop updateğŸ˜¡ğŸ¤¬,1,2025-12-23 15:53:39
Yank kasih,"kini main spam saja ,,tanpa sebab tanpa apa blokir dan kena spam ....???? aneh kini apk wa sekarang ..?????? setidak bila ingin spam itu dilihat cek pesannya dulu dengan yg bersangkutan ..paham ...ğŸ¤”ğŸ¤”ğŸ¤”ğŸ¤”ğŸ¤”",2,2025-12-23 15:52:43
Ihsan Firdaus,Good aplikasion,5,2025-12-23 15:52:35
Een Enong,ngga bisa masuk ke aku saya,2,2025-12-23 15:51:40
Bella angel,"saya pusing sekali... kenapa sekarang sebagian nmr"" kontak sering hilang.. nmr udah disimpan kembali, nanti gak lama kemudian nmr""nya hilang lagi. gitu aja trus. sampe capek aku nyimpennya satu persatu. Tolonglahh diperbaikk. terimakasih",3,2025-12-23 15:50:07
Izan Alfadli,"aplikasi ini bikin gua emosi mau telpon aja notif nya ""tidak dapat menelpon, mohon coba lagi"" apa itu makanya gua kasih bintang 1",1,2025-12-23 15:49:11
April Nio,Bantulah kami ini biar tetap bisa menggunakan aplikasi resmi jadi tidak rusak hp kami,1,2025-12-23 15:48:31
Wildani Sova,kenapa tiba tiba akun saya terblokir,1,2025-12-23 15:46:55
Elda Cahya putri,"sematan chat gbisa dilepas, gtau wa sekarang knpa gituu, tiba tiba ke riset sendiri pdhl memo masih banyak ga habis",3,2025-12-23 15:45:40
Ranita 323,"Whatsapp makin kesini makin ancur kok akun tiba-tiba terlalu sering keblokir jadi nggak bisa kepake lagi dan harus pake no baru, padahal nggak ngelanggar aturan apapun",1,2025-12-23 15:45:30
okky Andriyanto,kenapa kalo update video sendiri di story jadinya burem min,2,2025-12-23 15:44:40
InitiaL N,setelah update saya tidak bisa update status dan tidak bisa melihat unggahan teman yang memakai video tolong di perbaiki,1,2025-12-23 15:41:46
STOK d,"adain fitur arsip status WhatsApp min biar kita bisa liat status yang dulu di upload min, semoga di buatin",5,2025-12-23 15:38:29
Amanda Putri,whattsapp kenapa pacar ku gabsa sematin chatt aku di apk wa nya ? apa kendala nya ?,4,2025-12-23 15:37:20
elsa suren,"baguss!!. tapi kadang vn saya suka error, kaya tiba tiba berhenti sendiri di detik 3/4 lalu lanjut kembali dengan sendirinya, itu kira kira kenapa yaa? ada saran supaya tidak seperti itu lagi ga daru kaliann?? kalo ada tulis yaa.",4,2025-12-23 15:36:59
Darah Setan,puas,5,2025-12-23 15:36:02
Andika Jawa,bagus,5,2025-12-23 15:36:00
Bar Bar,Bagus,1,2025-12-23 15:35:01
Clara Lara,"WhatsApp sebenarnya tidak ada masalah tapiiiiiii yang membuat saya menyesal dan tak terima adalah tiba-tiba WhatsApp saya terhapus dan tidak bisa di download lagi knp???? Padahal saya tidak pernah menghapus WhatsApp jika tak di perlakukan,saya sangat kecewa karena SEKARANG! SAYA TIDAK bisa mendownload nya lagi karena memo penuh.",4,2025-12-23 15:34:09
Dani Jaco,"kenapa setiap upload video si status selalu buram ,padahal sudah di seting HD semua , tapi sama aja buram kaya ho jaman dulu. perbaiki dong washap",3,2025-12-23 15:33:28
2 They,"Please watch the video in the status so that until it's finished you can move to the second video, without clicking. so that we don't waste time making videos that are difficult for only a few people to watch them",3,2025-12-23 15:32:09
Musfika Sari,bagus,5,2025-12-23 15:31:35
Dani Sukmana,Bagus tau,5,2025-12-23 15:29:03
Rahmatul Ulya,"adminn tolong dongg bug nyaa, mau arsipin chat aja ga bisa, sematkan chat juga ga bisa, truss satuu lagiii tlfnan kalo udah 12 jam pasti matiii sendiri padahal jaringan keduanya amann",1,2025-12-23 15:28:45
FARUQ RAFAEL,sangat cocok untuk segala hal,5,2025-12-23 15:28:34
Madhan,tidak bisa mencandangkan,3,2025-12-23 15:27:47
erere tetete,bagus,5,2025-12-23 15:26:30
Lukman Kohid,mantap,5,2025-12-23 15:26:23
Kadi Liputo,bagus,5,2025-12-23 15:24:03
Tegar revila Tegar revila,bagus,5,2025-12-23 15:23:16
SekolahGTI,"Tolong saya please, operator. Aku sedang dalam masalah besar sekarang. Saya hendak ingin memasukkan nomor WhatsApp saya ke ""Setuju dan Lanjutkan"" lalu masuk ke Screen dimana tempat akan memasukkan ""Nomor Telepon"". Tapi saat berada di layar itu, tempat tersebut sama sekali tidak bisa di interaksi. Padahal aku sudah melakukan segala cara, WhatsApp versi terbaru, WiFi lancar, hapus aplikasi dan download lagi, semua cara intinya. Aku pikir ini Bug? Jika Bug, please di fix segera",1,2025-12-23 15:22:02
Ini Stia,TOLONG TAMBAHKAN FITUR HAPUS KONTAK DARI APLIKASI WHATSAPP,2,2025-12-23 15:19:56
HERI YAWAN,mantap,5,2025-12-23 15:19:01
Fahreza Kurnia Pratama,gak suka terus pakai nomor baru terus,1,2025-12-23 15:16:35
Rafi Maulan putra,ada bug ke logout sendiri akunnya,1,2025-12-23 15:16:34
aep og,apk kentang,1,2025-12-23 15:15:49
Ririn Putri,banyak spam wa gak jelas aneh,1,2025-12-23 15:13:26
Idris Muhammad,Top,5,2025-12-23 15:13:24
martdessy Hanny,bagus ya tp kok di hp saya gk ada filter pas lagi video kolan aneh tapi tetep saya kasi bintang 5 soal bisa ngobrol sama teman saya makasih whatsapp,5,2025-12-23 15:11:01
Aliyah Mahnunah,bingungi boss tiba2 hilang...,4,2025-12-23 15:10:42
Wahidin Salhki,tolong pihak whatsapp untuk memperbaiki unggahan media agar media yg di unggah menjadi lebih baik,1,2025-12-23 15:09:55
Marttover Marto,ok,5,2025-12-23 15:09:40
Dinda Safitri,"Semua chat tibaÂ² hilang, terus pas di suruh pulihkan riwayat chat malah kontaknya yg ikut hilang, tolong dong ini WhatsApp kenapa makin begini?",5,2025-12-23 15:08:36
Pahri Nursiam,saya sangat senang karena wa sekarang lebih bagus dari pada yang sebelumnya tapi ada minusnya selalu kena spam tolong hilangin spam nya,5,2025-12-23 15:07:51
Rsya Aditya27,"PLIS MASALAH FITUR MUSIK UNTUK STORY TOLONGLAH JADIIN KAYA INSTAGRAM YANG DIMANA AUTO MUNCUL MUSIK"" YANG LAGI POPULER ATAU TRENDING JANGAN MALAH MUNCULIN MUSIK"" GA JELAS ATAU JAMAN DULU BANGETTT, DAN CONTOH NYA LAGI GUA NGETIK (DANGDUT) MAKSUD GUA TU DANGDUT YANG JAMAN SEKARANG BUKAN MUSIK DANGDUT JAMAN DULU TAHUN 90 AN WOIIIII",2,2025-12-23 15:07:10
HENGKY JR,"tolong dong buat filter yang muknya mirip ayam di hapus, kalau mau vc filter andalannya ayamğŸ˜£ğŸ˜£",5,2025-12-23 15:05:47
Jagat Satria,ok bngt yes good,5,2025-12-23 15:05:44
Ida Ariani,ğŸ™‚,1,2025-12-23 15:04:35
AnangBoy,"kenapa notifikasi panggilan dan pesan wa nya sering delay ya sekarang, , tolong lah di perbaiki.",3,2025-12-23 15:04:08
Anisa Ayu Wulandari,"gmn si sekarang whatsapp parah bgt bentar2 kena spam!! padahal ga ada yg lg chat aneh2! tolong dong diperbarui lg biar bentar2 ga kena spam gini, gajelas bgt!!",1,2025-12-23 15:03:33
Sukya Sejati,saat ini sya blum bsa memperkpikasi nmer whatsapp saya,5,2025-12-23 15:02:50
Neta,gampang dlm komunikasi dll,5,2025-12-23 15:02:02
Khaidar Azzam,baik,5,2025-12-23 15:01:53
Erdi Anto,baik,5,2025-12-23 15:01:36
Silla Amalia,"gak jelas banget, harusnya kalo udh disematkan itu ya tersemat sampai kita sendiri yg lepasin, ini malah pas disemat ga seberapa lama ilang logo sematannya",1,2025-12-23 15:00:27
Intan Toboalimu,aku gak tau mau ngomong apa lagi karena wa ini sangat bagus bagi ku ğŸ’‹,5,2025-12-23 14:58:53
Frengky Yunando,no sering hilang,1,2025-12-23 14:58:18
ariyo saputra,keren,5,2025-12-23 14:57:59
Jihara Sya,minesnya punyaku ga ada fitur foto live,4,2025-12-23 14:57:03
Jhembre Pokpik,bagus,5,2025-12-23 14:56:13
Xbox Pion,hp gua gak bisa kirim sekali lihat angka satunya yg di buletin gak ada anjir,1,2025-12-23 14:55:25
kristian rahargo,ringtone tidak bisa dirubah,1,2025-12-23 14:54:59
Saiful Lamno,"bagus banget,dan bermanfaat bg banyak aorang",5,2025-12-23 14:54:38
Afifur Rohman,"saya tidak melanggar apa"" namun nomor saya di blokir oleh pihak WhatsApp",1,2025-12-23 14:54:31
H Sayuti,Ok,5,2025-12-23 14:53:49
Santosa Santo,komunikasi lancar,5,2025-12-23 14:53:44
Badjra 250,susah zoom story foto,1,2025-12-23 14:52:32
Masitah 99,ini bugissih,5,2025-12-23 14:50:38
Ddw Imup,bagus,5,2025-12-23 14:50:04
Heni Lestari,bagus,4,2025-12-23 14:49:07
Nasywa Nasywa,"APALAH MASA PAS TELPONAN SUARA NYA MANTUL IHHH, GA NYAMAN DI DENGER!!!!",1,2025-12-23 14:48:17
Agrita Wabiser,Saya mau download aplikasi WhatsApp,5,2025-12-23 14:48:16
Angger Prasongko,ok,4,2025-12-23 14:46:04
Mukhlason,kenapa WA saya kalo save WA baru wa nya kenak spam,3,2025-12-23 14:46:00
Dika Wisang,gak ada game nya,1,2025-12-23 14:43:36
Susianti Manangkoda,baguss,5,2025-12-23 14:43:25
yoana syawalina,"KENAPA GA BISA MENCET EMOJIIIII, KESELL DEHH",3,2025-12-23 14:41:26
Lukman Soraya,Aplikasi nggk menarik,5,2025-12-23 14:40:20
Yudha Saputra,"tlng bug WhatsApp bnyk Skali 1.status ska hilang sndri 2.pp ny suka gaada, sama info WhatsApp ny knpaa di ksih durasi sih, enakÂ² gada durasi eh Mlah ad durasi infonya update macam ap ini tlong infonya kemblikan seperti dluğŸ™ğŸ»ğŸ™ğŸ», fiturÂ² ny gaa guna Skrang",1,2025-12-23 14:39:34
Cecep Hendriana,"Eror mulu,, tidak menanggapi terusss",4,2025-12-23 14:38:55
Nafnaf13 Mawadah,bagus,5,2025-12-23 14:38:54
Septi Kediri,"kok WhatsApp jadi begini?pdhal cuma 1 perangkat yang tertaut tpi kok bisa kelogout sendiri?sehari bisa smpe 5 kali,aku kira nomernya yng bermasalah pas udh ganti nomer kok tetep",2,2025-12-23 14:38:37
Adelia Wardani,Knpa saya susah dowload y,3,2025-12-23 14:37:11
Muhamad Nur falih,"apk gajelas,ruang penuh dikit langsung ke reset semua chat nya,tololl",1,2025-12-23 14:35:56
cherybrii,pliss WhatsApp ada in fitur slide foto kaya yang di tiktok ğŸ˜£,5,2025-12-23 14:35:02
Miaww Lalisa,lumayan,4,2025-12-23 14:34:40
Liza Cun,"sering ngebug,akun ke log out sndri",1,2025-12-23 14:33:55
Eko,good,5,2025-12-23 14:33:50
Sonya Aritonang,sangatt bagusss apalagi setiap ada update whatsapp semakin canggih,5,2025-12-23 14:30:48
Nur Jihad,kecewa parah si masa mau chat no baru langsung kena pelanggaran chat spam.gimna ini masa setiap mau chat no baru kena pelanggaran terus tolong dong min,1,2025-12-23 14:29:33
Nanang Sujaman,mantap,5,2025-12-23 14:29:03
Alal Boy,minimal update bukain kek yg wa nya ke ban hadeh,1,2025-12-23 14:28:20
Sis Wanto,whatsapp fika kartika,5,2025-12-23 14:27:58
Audrey audrey,Wow it is amazing,5,2025-12-23 14:27:29
Khayla Khodijah,tidak bisa log in,5,2025-12-23 14:27:22
purwanto,yeuhh tololl makin update makin banyak juga bug yang harus di tampung,1,2025-12-23 14:25:47
Dhavin Cf,sering bug gimana udah download WhatsApp messenger yang resmi tapi tetap dikira tidak resmi,1,2025-12-23 14:25:06
Dianna Ruby,"tiba-tiba chat di WhatsApp hilang beberapa hari terakhir, upload story wa juga hilang padahal masih ada kalau dilihat kontak yang lainnya itu bagaimana yaa? sudah coba dicadangkan masih hilang, di uninstall dan diinstall lagi pun malah mulai pencadangan ulang",1,2025-12-23 14:25:06
Bang Oca,sangat membantu,1,2025-12-23 14:25:00
Intan Dayani,lama keluar kode WhatsApp nya,1,2025-12-23 14:23:34
carinamahina jasmine,minusnya tdk ada efek di saat vc,4,2025-12-23 14:20:32
Masling 2009,Halo tim WhatsApp jadi saya sudah menggunakan whatsapp versi terbaru... Tetapi akun whatsapp saya tidak muncul fitur efek panggilan vidio... Atau fitur baru dari whatsapp yang vidio call... Menunggu efek/filter semoga aku saya cepat muncul,2,2025-12-23 14:20:27
Sofian Kece,"Poko,nya ooookk mantuuull ,,,,,,,"".",5,2025-12-23 14:20:26
keila eleanor,kenapa ya di tempat saya kamera ya mirror?,3,2025-12-23 14:19:04
Citra Aurelia,Cukup bagus,5,2025-12-23 14:17:54
Sugianto Anto,oke,5,2025-12-23 14:16:17
Arif,"ini aplikasi kenapa woy,,tiba tiba akun saya kena ban,padahal ga ngapa ngapain,dan banyak kasus juga dari pengguna lain yg kena band masal,tolong perbaiki sisitem nya",1,2025-12-23 14:16:06
Gempol,Aplikasi yang sangat mengesankan dan memuaskan untuk mempermudah jaringan yang sangat luas,5,2025-12-23 14:15:36
Aldy Pakaya577,"mntap , tapi knp bio saya TDK bisa di lihat orang lain padahal udh update trus, tolong solusinya",3,2025-12-23 14:15:06
Rinikrispila1998 Ajum,Sangat membantu,5,2025-12-23 14:12:01
Husni Davinzo,sangat baik,5,2025-12-23 14:11:56
Fery Setiawan,bagus saya kasih full bintang,5,2025-12-23 14:10:14
Catur Win,membantu komunikasi,5,2025-12-23 14:09:05
Bagong bagong90,whatsap sekarang Gampang kena kenon woii gabakal donload lagi gw,1,2025-12-23 14:08:58
Erna Alenaa,yang terbaik,5,2025-12-23 14:07:45
fhrl hdytllh,Welllll,5,2025-12-23 14:07:32
Zaky Firman,gampang mogok,1,2025-12-23 14:06:01
doni setiawan,sampah mau login aja susah nungggu kode otp gak di kirim kirim,1,2025-12-23 14:04:29
Bela Lila (Nda),Ok,5,2025-12-23 14:04:12
Adi Brio,. sudah ğŸ‘,5,2025-12-23 14:04:12
Jarot Rot,aplikasinya bagus,5,2025-12-23 14:04:11
Ghina Khairunnisa,gw gabisa hidup biasa tanpa wa,5,2025-12-23 14:03:34
nursalim,"tidak bisa login dg alasan ""whatsapp tidak resmi""padahal saya sudah download langsung dari play store. makin gaje aja wa sekarang",1,2025-12-23 14:02:34
Lukaku Tutur,Saya beri bintang lima,5,2025-12-23 14:01:42
Davin Satria,kenapa pas nelfon menghubungi padahal jaringan bagus bagus aja ? ngebug apa gimana dan ini bukan ke satu nomer aja saya nelfon ? Perbarui lagi yang layak,2,2025-12-23 14:00:15
Disogok disogok Keri keri keri,nomer hilang biasa nya lsngsung masuk ini harus minta code otp,1,2025-12-23 13:59:52
aura zamzam,bagusss,5,2025-12-23 13:58:25
Risnaa,terbaik,5,2025-12-23 13:58:04
Tengkunabila Thalia,aplikasi ini sangat lah bagus ğŸ‘ğŸ˜,1,2025-12-23 13:57:38
Aldi K.,"TOLONG SEKALI, WHATS APP KALAU UPDATE, MISAL ADA EROR SEGERA DIPERBAIKI DONG.",3,2025-12-23 13:57:25
Wafi Azka,ğŸ‘,1,2025-12-23 13:57:21
Boyss Henn,keseringan ubdte dan bnyk bug tolong dibagusiğŸ™,4,2025-12-23 13:55:17
Iki Jmb,apk bagus kok aku keluar ya dari akun aku tolog di perbaiki ya kk,5,2025-12-23 13:54:48
Syaiful Gozi,gak bisa bikin sw jancokk,1,2025-12-23 13:54:21
Reno Ren,ok,1,2025-12-23 13:51:33
Ahmad Mazmudin,video call sering suaranya hilang padahal sedang kerja,1,2025-12-23 13:51:11
Aldi Ramadhan,ada bug tidak dapat menggunakan vitur tag,1,2025-12-23 13:50:28
Sugiarti Oke,gak suka sama.whatsap yg sekarang kenapa kalau no hp yang sudah di blokir tidak bisa di hapus dari kontak kalau kaya gini terus ya ketahuan lah no yang udah d blokir tapi masih ada d kontak whatsap,1,2025-12-23 13:50:24
Galang Zzz,Whatsapp saya terkena blokir padahal saya tidak melanggar ketentuan whatsapp saya mohon ditinjau ulang dan aktifkan akun saya kembali akun saya karena isinya sangat penting terimakasi,5,2025-12-23 13:49:52
Nur Widia 04,"kenapaaa pas mau ngirim stiker smaaa emoji ta mauu dipencet diaa, diaplikasi lainn mau ajaağŸ˜¡",1,2025-12-23 13:49:26
Rahman10 Wisnu10,Ai nya kureng Ai nya kurang ber kualitas kar na dia ha nya men jawab kartu saja terus menerus,1,2025-12-23 13:48:41
Erik Libra,oks,5,2025-12-23 13:48:10
Ryo sansakerta,ok,3,2025-12-23 13:48:04
Suherli,aplikasi yangmudah untuk cara memperbarui tapi sayang banyak iklannya.,5,2025-12-23 13:47:07
Puwanto,terhibur saat menontonnya,5,2025-12-23 13:46:51
17_GAUSS_SYARA AURELIA RAHMA,"tolong lebih di update lagi dong/hapus fitur ban wa. ganggu banget kak. gak ngapa-ngapain tiba-tiba ke ban, aneh.",1,2025-12-23 13:46:36
Paskalis Irwanto,Baik,5,2025-12-23 13:43:48
Rizky Kurnia,mantap,5,2025-12-23 13:43:10
abdi wirawijaya,"nomor sering logout, dan minta verifikasi ulang tiap pindah akun. pesan penting jadi tidak bisa di Terima.",1,2025-12-23 13:43:09
Ridwan Miftahul,Sangat membantu dengan berbagai fitur yang menarik,5,2025-12-23 13:42:15
Junaedi Sidik,"gue kasi rating sejelek mungkin HAHA... meta aneh WhatsApp aneh masa wa gue tiba' ke blokir dengan alasan spam, padahal gda spam dan grup apapun",1,2025-12-23 13:41:30
Intan Nurni,bagus,5,2025-12-23 13:41:22
Indahyola93 Indahyola93,Mantap,5,2025-12-23 13:41:21
Asdiana Diana,sangat baik,5,2025-12-23 13:40:42
Omboh Omboh,keren,5,2025-12-23 13:40:42
Nati Sama,bagus,5,2025-12-23 13:39:21
Ujang Uniah,Mantap,5,2025-12-23 13:38:10
Jani Pamenang,Ok,5,2025-12-23 13:37:56
Yusuf Arsyil,Sangat baGus,5,2025-12-23 13:37:40
Baiq Nila Mawarni,bagus,5,2025-12-23 13:36:41
Ahsan Muhammad Fadil Khoiri,bagus,5,2025-12-23 13:35:10
Ahmad Sapari,"menurut saya aplikasi ini sangat bermanfaat dan berguna karna kita bisa berkomunikasi dengan orang yang jauhh, selain itu beberapa fitur baru di WhatsApp sangat kereeennn, saya sangat bangga atas adanya WhatsApp, saya tidak akan komen yg engga' bagi saya WhatsApp tidak ada kekurangan, walaupun ada juga saya ga mempermasalahkan karna apapun kekurangannya kita tetep harus bersyukurğŸ¤—, selain itu saya sangat bangga atas orang yg sudah menciptakan WhatsApp...â˜ºï¸",5,2025-12-23 13:34:26
Didik Saputra,bagus,5,2025-12-23 13:32:37
Veronia Maia,bintang yang bicara,5,2025-12-23 13:31:31
rizal aldi,kenapa akun saya keluar2 terus?,3,2025-12-23 13:30:14
Januar Iskandar,"Selama saya pake WhatsApp seneng banget karna berguna semua fungsinya. Tetapi saya kesal dengan WhatsApp dikarenakan tiba-tiba ada disuruh ""pemulihan chat"" jadi saya pencet lewati dua kali apa yang terjadi? kontak chatan nomor ilang, chatan nomor sendiri ilang disitu saya chatan sendiri itu penting ya? saluran ilang disitu banyak saluran berguna kek IPS, Bahasa inggris, dan saluran gambar lainnya pada ilang tapi sekarang perlahan-lahan kembali. Sw lama ilang saya gak masalah. Tolong bantu saya!",4,2025-12-23 13:29:38
Aishalya Zihni,Wa keluarkan fitus song notes kayak di ig plis! Aku capek harus mosting lagu lewat status muluu,3,2025-12-23 13:28:07
Ghofurur Rohim,oke,4,2025-12-23 13:26:52
Jan damijan,ok,5,2025-12-23 13:26:42
Aiko Jeslyn wijaya,"whatsapp bagus,tapi di kalo hp saya yg lain gabisa pake filter vidcallğŸ¥²",5,2025-12-23 13:26:08
Arry Ganz,bikin cewe saya gamood!,1,2025-12-23 13:26:04
Aluisia 13,wow,5,2025-12-23 13:25:27
Bayu Andka,sering keluar gk jelas,1,2025-12-23 13:24:42
Klowor Tok,Aku suka,3,2025-12-23 13:24:15
Hasan Abdul,apakah akun saya bisa aktif lagi tolong kebijaksaanya karna waasap saya penting buat keluarga saya tolong di bantu..meta yg baik hati,4,2025-12-23 13:23:51
prima rangga,kembalikan notifikasi popup untuk versi andorid 10 ke atas,1,2025-12-23 13:17:25
Umar Umarr,maaf ga sempurna karna yang sempurna itu hanya Allah SWT,3,2025-12-23 13:16:56
Amin Naufal,bagus,5,2025-12-23 13:16:49
Surya Syahputra,parah kali sekarang apk kelen mangkin di update mangkin parah menjijikan tau ga ngapain akun ku di bekukan haa!!!!,1,2025-12-23 13:16:48
Te Es,Bagusss,5,2025-12-23 13:15:44
Mz byuuu,Di kunci chat gabisa dibuka malah kedip2!!,1,2025-12-23 13:14:45
Misni Misni,mantap,5,2025-12-23 13:11:01
Alwan28 Wnalwn,"plss ini knp ga bisa di buka wa nyaa UDH TIG HARI LHOOO, TANGGUNG JAWAB! PADAHAL GA NGAPA NGAPAIN",3,2025-12-23 13:10:26
Glaura Sumenda,"gak tau kenapa filter di wa nya gak ada, padahal udah izinkan",3,2025-12-23 13:10:15
Rahmatul Ummah,BALIKIN AKUN GUAAAA!!!!!ğŸ˜­ğŸ˜­ğŸ˜­,1,2025-12-23 13:09:43
ARIF Juwanto,kebao ya wa ku gk bisa di buka. ada tulisan akun ada di batasi,1,2025-12-23 13:09:11
Syebrow Udin,sangat jelek. bolak balik mati tnpa sebab . alasan spam.,1,2025-12-23 13:08:39
tatang ansori,bagus,5,2025-12-23 13:07:57
Eka Balong,ok,3,2025-12-23 13:07:31
Uding Udina,senang,5,2025-12-23 13:07:00
Sal Can,sangat bagus,5,2025-12-23 13:06:38
ARSYA AL FARISI ARSYA,ok sip,4,2025-12-23 13:05:18
Rifai,sangat bagus,5,2025-12-23 13:04:28
Pakkawarue Pakkawarue,"WhatsApp error masa memuat trus, sudah di lakukan semua tetap aja memuat, di hapus baru install ulang masih aj ma memuat",1,2025-12-23 13:03:50
muslih lubis,ketika wa masuk hp langsung restart padahal sudah di update,1,2025-12-23 12:59:35
Sefen Taf,sangat berguna,5,2025-12-23 12:58:04
Cucu Nurhasanah,ğ‘ğ‘ğ‘›ğ‘¦ğ‘ğ‘˜ ğ‘¢ğ‘ğ‘‘ğ‘ğ‘¡ğ‘’ ğ‘ ğ‘ğ‘šğ‘ğ‘ğ‘ğ‘– ğ‘˜ğ‘ğ‘¦ğ‘ ğ‘˜ğ‘œğ‘›ğ‘¡#ğ‘™ ğ‘”ğ‘–ğ‘›ğ‘– ğŸ˜,1,2025-12-23 12:55:40
Nurjaedi,Bagus mempermudah dalam segi menguhubungkan sesama temn dekat dan teman jauh,5,2025-12-23 12:55:21
dededwi 26,"baguss si fitur nya tpi makin kesini whatsapp sring bug trs saya gabisa menyematkan chat, sring lepas sendiri sematan chat yg udah d sematkan",5,2025-12-23 12:55:15
Rina Soraya,ok,5,2025-12-23 12:52:13
Jea Ramdani,baguss pokonyaa.,5,2025-12-23 12:52:11
Fidrotus Syafaah,WA nya jadi gk nyaman bgt ğŸ™„,5,2025-12-23 12:51:57
Kakek Merah,mantap,5,2025-12-23 12:51:10
Syakiraghinahamdani05,WhatsApp saya selalu terkena spam setiap hari harus bagaimana ini,3,2025-12-23 12:50:53
Linda Susanto,kren,5,2025-12-23 12:48:54
Robiansyah Roy,ok,5,2025-12-23 12:48:37
Nasya25,"apaan udh 3 kali ke blok ,spam gak dikit dikit ke blok wa sekarang ngeselin njirrr Baperan banget ganti nomor trs jdi saya",1,2025-12-23 12:46:59
Aaisyah Hawraa,bagaimana cara agar dapat menyimpan foto live? dulu ada sekarang gaada,4,2025-12-23 12:46:41
Fitrah Tzy,keren,5,2025-12-23 12:46:41
Utuh S,Saya harap pihak WhatsApp untuk membuka blokiran ini kerna saya tidak melakukan tindakan hukum yang berlaku di WhatsApp ini,5,2025-12-23 12:45:04
Player Pea,"tiba2 wa ku ke logut sendiri, sehabis login ulang gak ada 5 menit ke logout sendiri lagi..",1,2025-12-23 12:42:50
Fiona Letisia,aplikasi yang Bagus,5,2025-12-23 12:42:15
KENZO DXD,"Assalamualaikum. permisi ya, pihak WhatsApp. Ini kenapa ko akun WA saya terkena SPAM. Padahal saya tidak pernah aneh-aneh, disuruh mengajukan banding udh diajukan. Habis bisa beberapa menit kemudian muncul tampilan di layar ""AKUN WHATSAPP ANDA TIDAK BISA DIGUNAKAN, KARENA SPAM"" Mohon ditindak lanjuti terkait masalah ini. Bukan hanya merugikan saya sbg pelajar, tpi jga pekerja seperti yang membutuhkan bantuan apk ini seperti Go-Jek, Sales, Kurir, dan masih banyak lagi. MOHON SEGERA DIRESPON YAAAA",1,2025-12-23 12:41:54
Alfaris 2010,gak bagus aku gak spam malah kena spam,2,2025-12-23 12:41:44
Jariyatut Tazkiya,tempat ku ga bisa di upgrade yaa,3,2025-12-23 12:40:32
Nina Elisa,tolong kenapa akun saya d blokir,5,2025-12-23 12:38:40
Andi Supat,kenapa di saat video Coll gak bisa buka apli kasih lain,1,2025-12-23 12:38:35
Nefa Rizqi,whatsapp kenapa wa saya tidak ada posting ulangnya mohon kerjasamanya nggih,4,2025-12-23 12:38:35
Nasila,Bagus,5,2025-12-23 12:37:41
Ayub Nugroho,keren,5,2025-12-23 12:36:57
Liani Sahlan,sangat membantu sekali,5,2025-12-23 12:34:45
Rafdi Amiril,tidak bagus,2,2025-12-23 12:34:24
Waromi Johan,terimakasih,2,2025-12-23 12:34:07
Yare Spenyel,sangat suka sekali,5,2025-12-23 12:33:39
Isa manis msiren,seruuuu,5,2025-12-23 12:32:01
Sastra Diatmika,bisa chat orang atau Sahabat ortu,5,2025-12-23 12:31:39
DUL WAHID,bagusdd,5,2025-12-23 12:31:07
Kahar Kahar,kenapa tdk bisa kirim gambar,5,2025-12-23 12:30:37
kenza jpr,Bagus,5,2025-12-23 12:30:07
arya poke,"woii apk mu ngebug,padahal ngga ada yg di sematkan,pas mau sematin harus hapus yg semat,dan yg mau di semat ga ada sematnyaa,tolong dibenarkannnn",4,2025-12-23 12:29:25
agnesya,"sbernya what'sapp tu bgs"" aja, cmn knpa hrus ada fitur 2 what's app dlm 1 apk , meresahkan bgt jujurr :(",1,2025-12-23 12:28:13
Mayan Dollu,Bagus,5,2025-12-23 12:28:01
Aprinal Aja,nyaman di pakai,5,2025-12-23 12:27:37
Rahmad Khoirul,bagus tapi kenapa ai studi saya hilang,5,2025-12-23 12:26:51
As Ss,aplikasi WA tidak bisa digunakan,1,2025-12-23 12:25:31
Aditya Rinaldy,BURUUUUK. MAKIN SINI MALAH KEBANYAKAN NGEMBANGIN FITUR2 GAJELAS. SEDANGKAN DALEMANNYA MSH BANYAK BUG/ERROR!!!!! KONTAK SERING KALI DENGAN SENDIRINYA HILANG. TENTANG KADANG HILANG DENGAN SENDIRINYA. DI ORANG LAIN BAHKAN TIDAK TERBACA. PERBAIKI LAGI SEBAIK MUNGKIN!,1,2025-12-23 12:23:32
Tuseee,"kenapa sih tahun ini sering banget ilang chatnya? chat penting jadi ilang. tanpa aba"" atau peringatan. tiba"" ilang. chat kerjaan dan penting"" gak bisa balik. ngerugiin waktu dan tenaga anjir!!!!",1,2025-12-23 12:22:05
ErLiSAErlisa Lolot erlisa,bagus,5,2025-12-23 12:22:05
Supriyatin,mantap,5,2025-12-23 12:21:48
Sumardi71 Kurok,super truk,3,2025-12-23 12:21:47
Irfan Bere,bagus,5,2025-12-23 12:19:55
Abdullohassegaff Abdulloh,normalkan washap ana,5,2025-12-23 12:19:27
Icha Icha,Sangat membantu,4,2025-12-23 12:18:36
Yogi Pranata,chat di group beberap ada yang hilang . mohon pihak developer segera perbaiki,1,2025-12-23 12:17:17
Imam Safiih,aplikasi ini bermasalah akun Whatsap di spam muncul terus di Whatsap pemulihan nya juga lambat,1,2025-12-23 12:15:41
Cheril Sezan,berguna banget,5,2025-12-23 12:15:18
Redminote 3,Sangat memuaskan,5,2025-12-23 12:14:32
????,wa gua pas mau login ke akun ga bisa di pencet apa-apa keyboard ga muncul,4,2025-12-23 12:13:58
Dedianto Bau,bagus,5,2025-12-23 12:12:56
Calawak Mail,sangat menakjubkan,5,2025-12-23 12:12:48
Ridwan Gomey,Mantep,5,2025-12-23 12:12:12
Raja,kebanyakan bug nya,1,2025-12-23 12:11:47
Mawar Melati,aplikasi ini nomor wa saya sering terblokir dan kena spam padahal saya tidak melanggar aturan WhatsApp.,2,2025-12-23 12:11:35
Teh Diah,mantap sangat membantu,5,2025-12-23 12:11:34
Ratna Chandra,"whatsapp sekarang jelek ,saya update status kadang 1 jam baru terkirim pernah 24 jam baru terkirim ,itu pun harus menghubungi tim dukungan lewat email ,jadi kalau update status di whatsapp itu saya harus kirim email dulu baru staus di whatsapp itu terkirim ,kalau saya tidak kirim email ke tim dukungan whatsapp status saya di whatsapp tidak terkirim ?tolong whatsapp jangan bikin susah pengguna mu dan saya sangaaat KECEWA .",2,2025-12-23 12:11:18
Arifin Assidiq,yang jelas lah buat wa,1,2025-12-23 12:10:45
Ahmad Syafii,bisa menjadi luas jaringan teman,5,2025-12-23 12:10:09
fikih aspuji,"saran dong, kalo bisa barkode nya di beranda aja jangan di setelan. terimakasihğŸ˜‡",5,2025-12-23 12:09:33
Bangku Taman,"baru baru ini whatsapp sy selalu gak bisa kebuka, tulisan nya akun ini sudah tidak bisa lagi memakai whatsapp..kenapa kira2 ? ada yg tau infonya dong..mesiki sdh gamti nomor restart dan donlot ulang..tetep begitu padhal tidk pernah buka link atau web apapun..terimakasih sebelum nya",1,2025-12-23 12:08:08
Engkar Kartimah,saya belum ada pengalaman. saya baru pemula,5,2025-12-23 12:08:03
Raden Aden,whatsapp suka error,1,2025-12-23 12:07:43
Rifqi Alghani,Ini kenapa akun saya jadi hilang semenjak mengunakan akun ganda dari fitur WA ini. semua riwayat chat saya bertahunÂ² jadi hilang. mohon segera perbaikannya,1,2025-12-23 12:06:55
Cobra Cavat,sangat membantu dan terpercaya,5,2025-12-23 12:06:06
FASAN VLOG,sangat membantu,5,2025-12-23 12:05:03
nadifa kusuma,bagus banget,5,2025-12-23 12:03:46
Siti Nuraini,"saya tidak bisa masuk karena di diminta download versi resmi padahal ini sudah resmi, mohon bantuannya",1,2025-12-23 12:02:41
á¥¡á¥™sÑ– Isnaeni04,ğ—„ğ–ºğ—‹ğ—‡ğ–º ğ–½ğ—‚ ğ—Œğ–ºğ—’ğ–º ğ–»ğ–¾ğ—…ğ—ğ—† ğ–ºğ–½ğ–º ğ–¿ğ—‚ğ—…ğ—ğ–¾ğ—‹,1,2025-12-23 12:02:36
Putra Sanana,good,5,2025-12-23 12:02:18
Iwa Kartiwa,ğŸ‘ŒğŸ‘Œ,5,2025-12-23 12:01:02
Muhammad Laftar,bikin sw skrng kbnykn blurnya,1,2025-12-23 11:59:21
Nicke Anisha,terimakasih,5,2025-12-23 11:57:43
Upiek Ossumi,"min, tolong min. perbaiki notifikasi kalian. kadang suka ga muncul notif apaÂ², sudah di unlock, sudah direstart, bahkan jd sering bgt harus reset notif wa dulu baru muncul notifnya. capek bgt sumpah",1,2025-12-23 11:57:29
Sarah Amelia,"Tolong di perbaiki lagi dong developer,akhir akhir ini whatsapp sering error padahal udh update",2,2025-12-23 11:56:51
Arroy_putra Dana,sangat baik,5,2025-12-23 11:55:38
Rakha Alanmusyafa,bagus,5,2025-12-23 11:55:05
octrisameldachaisara,"ini kenapa stiker jadi gabisa di pencet ya, ato kadang gabisa terkirim",1,2025-12-23 11:52:31
Fri Mcp15,"good,,,ğŸ‘ŒğŸ‘",5,2025-12-23 11:52:20
Razid 123,apk sangat bagus dan banyak setiker jomok,5,2025-12-23 11:50:06
Wawa yina _4321,update mulu,1,2025-12-23 11:49:55
ilya Muroihatin,tampilan status sekarang kurang menarik,4,2025-12-23 11:49:54
Yayuk Sitifatimah,bagus,5,2025-12-23 11:49:07
Mak Hendra,di sayah tidak ada filter call video sayah sudah berbanyak cara agar ada filter call video tetapi itu gagal tolong update Fersi Beta sayah tidak ada WhatsApp Beta tolong filter call video di aktifkan di akun sayah,4,2025-12-23 11:48:57
Hanzo Kaizo,Nyamuk nya banyak,1,2025-12-23 11:48:44
Agus Sufriadi,good,5,2025-12-23 11:48:35
Keisha Kyla venetia,bgus,5,2025-12-23 11:48:16
Mursalin,bagus,5,2025-12-23 11:47:44
Reni Reni,nomor yg sdh di sv berubah menjadi tidak di sv ndk tdk bisa di sematkan,1,2025-12-23 11:47:15
herman syah,Lama Bgt InstalnyağŸ˜¢ğŸ˜¢ğŸ˜¢,1,2025-12-23 11:46:46
icandoorsmir 46,whatsapp nya bagus,5,2025-12-23 11:46:02
Aira Aska,Cukup bagus,3,2025-12-23 11:45:35
Lina Yuliani,bagus updatenya,5,2025-12-23 11:44:37
abdullah,GK bisa aktif kenapa,5,2025-12-23 11:44:28
Bobby Subscribe,jgn kau hacker akun wa ku,1,2025-12-23 11:44:18
zahra indriyani,"tolong ini WA aku jadi mogok, terdeteksi aplikasi mogok",2,2025-12-23 11:41:27
NUR Zaitun,yang bikin gk enak + gk suka itu tibaÂ² akun ke blokir padahal gk ngapa-ngapain plis akun ku masih bisa apa gk nih ke buka blokiranya,1,2025-12-23 11:40:58
Ingwer Seirland,MALES SUKA BLOKIR,1,2025-12-23 11:39:40
Kimmm Takim,okee,5,2025-12-23 11:39:13
Skyzo saja,kenapa di aku ga bisa buat ngirim setiker x emoji udah lama ga selesai selesai cape banget,2,2025-12-23 11:38:09
Mhd Hanafi,mantap,5,2025-12-23 11:36:33
Jony Deep,Mantap,5,2025-12-23 11:35:18
theresia korlina,maaf untuk WhatsApp yg skrg sya ksh bintang 1 krna pengaturan yg ga jelas.. masa di blg akun spam dn penipuan dh tau lagi ganti hp dlu smntra.. nmr msh aktif cuma ganti hp doang di blg spam.. smpy skrg msh di tinjau jdi ga bisa wa ke spa2..,1,2025-12-23 11:35:12
Muhammad Yusuf,mudah,5,2025-12-23 11:35:03
Anggi arini,"chat yang disematkan lepas sendiri, walau disematkan lagi tetap terlepas sendiri dan tergeser saat chat lain masuk.",5,2025-12-23 11:34:53
Jepri Yanto,mantap,5,2025-12-23 11:34:25
No Ah,app saya tidak bisa dibuka dan berada di perangkat lain maksud nya apa,1,2025-12-23 11:33:45
Kenzi Ndutt,apk ini sangat baik,5,2025-12-23 11:32:28
Julieta Dos santos de jesus,kenapa aku ga bisah masuk ke akun ku padahal nmr da masih ada,2,2025-12-23 11:29:41
Lilik Purwanto,ok juga,5,2025-12-23 11:28:23
Wahyu Sporcar,ok,4,2025-12-23 11:26:32
Mangga Manggis,Semenjak ada apk whatsapp ini alhamdulillah bisa berkomonikasi dengan lancar,5,2025-12-23 11:26:29
Mahardhika Tri Sanjaya,"aneh wa tidak bisa di buka. Di blokir Padahal gak lakuin apa"" dengan. alasan spam chat sehari 3 kali. di blokir",1,2025-12-23 11:26:11
Yudi Bintoro,"kasih dua dulu karna semenjak saya update akun wa q bolak balik tiba2 trkena spam, mohon di tinjau kmbali jangan trlalu bnyak aturan yg membuat dkit2 trdeteksi spam pdahal pmakean sesuai prosedur,MATURNUWUN",2,2025-12-23 11:24:03
Andini Pauweni,bagus,5,2025-12-23 11:23:48
Muhammadhamzah Muhammadhamzah,bagus,5,2025-12-23 11:22:51
Puteri Lala,"wa knp ya kadang nomor udah w simpan tapi kadang nomor suka kehapus sendiri malah banyak lagi, ini eror atau gmn? kan jadinya ngerugiin. nomor pelanggan w hilang gitu aja. di perbaiki lagi",1,2025-12-23 11:22:34
Amelia salwa Azzahra,"bio ny ga bisa lama, sering error",1,2025-12-23 11:22:03
Sastra Bnngn,woi gimana cara hapus nama chat kita sendiri ? masak gk bisa di hapus,4,2025-12-23 11:20:02
Aira Dwi A.,sangat berguna,5,2025-12-23 11:19:27
Anita Sari,STORYNE GAK HD BLASSSSS,1,2025-12-23 11:18:24
Sukirno Irno,bagus,5,2025-12-23 11:17:27
Rohayti Rohayati,apk ini sangat membantu,3,2025-12-23 11:17:09
Fauzy,"Balikin fitur pp masing masing pas di grup, udh bagus bagus malah di hapus tolol",5,2025-12-23 11:16:55
Noto padah odop,"jelek aplikasi ini,fhoto bagus jadi jelek kalau di kirim kewat wa",1,2025-12-23 11:15:30
Aleksa Lek,sip di spam akun saya tak dapat pakai lagi,1,2025-12-23 11:15:26
Jhul Umagapy,good,5,2025-12-23 11:15:00
Slamet Rijadi,whatsÃ pp saya gak bisa dibuka tadi siang SDH saya upgrad gmn solosinya,5,2025-12-23 11:14:19
Ricky,Bug. please fix it,1,2025-12-23 11:12:41
Azhar Ekwk,kenapa si ini ko nomer saya di blokir terus padahal saya tidak melakukan apa apa kenapa di blok terus ya,1,2025-12-23 11:12:35
Jayadi Kunjaya,baik,3,2025-12-23 11:11:14
Francisco Ornai Fernandes,Aplikasi ini sangat penting untuk saya,5,2025-12-23 11:10:55
ARIEL PUTRI,duhhh tolong dong bug nya di benerinnnnn masak ya temen aku posisi lagi buka wa lagi on tapi di pas ku cek di hp off terakhir diliat di hp yang beda pun sama tetep tolong dong di perbaiki bug yang itu hadeuhhh...,5,2025-12-23 11:06:27
Riko Prayoga,ini gimana kontak saya pada ilang padahal udah dicadangkan loh ya,5,2025-12-23 11:04:09
Jampang Ok,ğ›ğšğ ğ®ğ¬,5,2025-12-23 11:03:00
Udho Ranau,tidak dapat digunakan,1,2025-12-23 11:01:48
nobertus apus88,setiap hari akun whatsaapp saya di spam,1,2025-12-23 11:01:43
Dhian Rusiana,plis min balikin fitur mengetahui ketika seseorang telfonan sama orang lain/berada di panggilan lainğŸ™,5,2025-12-23 11:01:05
Desi,suara telpon jernih. dan tidak lemot.,5,2025-12-23 11:00:16
Farid Fathinul Fikri,gimana kok bulan bulan ini aku ga bisa update status dan hari ini ga bisa kirim pesan?? apa yang terjadi padahal sinyalku lancar buat yang lain,1,2025-12-23 11:00:09
Ginan Masalamah,aplikasi nya bagus tapi di aku gaada filter buat foto nyaa gimana ini whatsapp?,3,2025-12-23 10:57:19
Siti Nurasiah,Sangat membantu dalam komunikasi,5,2025-12-23 10:57:05
Yanti Fadilah,DIKIT DIKIT BLOKIR DIKIT DIKIT BATASI GAKASIAN APA SAMA YANG KERJA KURIR ATAU KERJA LEWAT WHATSAAP GANGERTI LAGI,1,2025-12-23 10:56:47
Erik Hendrik,mantap,5,2025-12-23 10:54:56
Ella St,lumayan ya ğŸ˜€,4,2025-12-23 10:54:39
Suri Hayati,sayang nya sering dapat akun di blokir wa skrng,1,2025-12-23 10:54:24
Bang sapri aja,Good,5,2025-12-23 10:54:10
Budi Garok,"Halo WhatsApp maaf seribu maaf sya kasih bintang 1 dulu,karen akun WhatsApp saya tiba-tiba sering diblokir dan tidak diizinkan menggunakan WhatsApp. Mohon tinjau kembali dan pulihkan akun saya karena saya tidak melakukan spam dan akun ini sangat penting bagi sayaAku whatsapp saya tidak bisa lagi memakai whatsapp,Padahal akun whatsapp saya tidak melakukan pelanggaran ketentuan whatsapp,Mungkin ini adalah kesalahan sistem whatsapp. Mohon untuk ditinjau kembali dan segera selesai kan masalah ini.",1,2025-12-23 10:53:21
Adi Mulyani,terimakasih sudah membantu komunikasi antar pengguna..,4,2025-12-23 10:53:07
Jababeka Tata,mantap,5,2025-12-23 10:52:06
Rama Dhan,bagus kali woi,5,2025-12-23 10:50:14
Hany Mariska,kenapa sih wa sekarang ini setiap kita kirim pesan selalu datang warna merah gabisa kirim pesan bikin emosi aja,1,2025-12-23 10:49:57
Re Njann,gut,5,2025-12-23 10:49:45
Sutri Sutri,"aplikasi ini sangat membantu sekali,, memudahkan kn mengirim gambar,,",5,2025-12-23 10:48:53
Lamongan Tanahabang,"good , perfect",5,2025-12-23 10:48:22
Yulia,terbaik sya suka,4,2025-12-23 10:47:45
Febriani Putri,karena kalo GK ada wa kita GK bisa telpon sama keluarga jauh',5,2025-12-23 10:46:44
Perbus Ygy,ini gimna wa saya memuat trus gabisa login,1,2025-12-23 10:46:11
Rizka Ramadhani,saya senang menggunakan WhatsApp messenger ini,5,2025-12-23 10:46:08
Ning Ken,"mantap lah aplikasi nih,,,",5,2025-12-23 10:45:58
Ansori Ana,sangat membantu,5,2025-12-23 10:45:12
Nur afia,sangat berguna untuk gw perfect deh ni whatsapp,5,2025-12-23 10:42:07
Nikson gonsalves,wajap,5,2025-12-23 10:42:02
Syaquila Qiandra Farrania Syaquila Qiandra Farrania,karena bisa menggunakan semua fitur baru dari WhatsApp Messenger termasuk fitur AI.,5,2025-12-23 10:40:58
Anaya Zahrani,bagus,5,2025-12-23 10:39:53
Quotes NK 03,gada yang chat,1,2025-12-23 10:37:28
Esti Esti,bagus sangat membantu,5,2025-12-23 10:37:21
Alam Aditian,sangat bagus,5,2025-12-23 10:35:53
Junior Finit,baik,5,2025-12-23 10:35:29
Wawanfrem45,WhatsApp gua kena spam Mulu. aplikasi kacaw ini jelek,1,2025-12-23 10:34:31
Akhed Ramadhan,kenapa sekarang kalo semat in chat sering lepas sediri sematan nya,4,2025-12-23 10:34:21
Muhammad nabil Nabil,aneh banget sekarang WhatsApp tiap hari WhatsApp aku di spam,3,2025-12-23 10:33:26
Habib Kecenk,Semakin maju ok,5,2025-12-23 10:31:59
Jajang Nurjaman,foto tidak tersimpan otomatis,1,2025-12-23 10:30:25
Nazila Ahya,sangat bagus,5,2025-12-23 10:26:35
Cairo Abdullah Rasyiddin,akun saya tiba tiba logout sendiri gajelas tolong di perbaiki dong,1,2025-12-23 10:26:32
vita Nta,Tidak bisaaaa updet,5,2025-12-23 10:26:14
Tini Hartini,bagaimana cara perbaiki akun kna spam,2,2025-12-23 10:24:53
Eka Reskawati,bagus,5,2025-12-23 10:24:51
